date,beach_id,site,enterococci,water_temp_c,synthetic_flag,source_class
2025-02-23,palm-beach,Palm Beach,13,19.1,true,SYNTHETIC_ENGINEERING_FIXTURE
2025-02-23,north-steyne,North Steyne,25,19.1,true,SYNTHETIC_ENGINEERING_FIXTURE
2025-02-23,bondi,Bondi,12,19.1,true,SYNTHETIC_ENGINEERING_FIXTURE
2025-02-23,coogee,Coogee,5,19.1,true,SYNTHETIC_ENGINEERING_FIXTURE
2025-02-23,cronulla,Cronulla,8,19.1,true,SYNTHETIC_ENGINEERING_FIXTURE
2025-02-23,balmoral,Balmoral,0,19.1,true,SYNTHETIC_ENGINEERING_FIXTURE
2025-02-24,palm-beach,Palm Beach,2,19.2,true,SYNTHETIC_ENGINEERING_FIXTURE
2025-02-24,north-steyne,North Steyne,3,19.2,true,SYNTHETIC_ENGINEERING_FIXTURE
2025-02-24,bondi,Bondi,4,19.2,true,SYNTHETIC_ENGINEERING_FIXTURE
2025-02-24,coogee,Coogee,0,19.2,true,SYNTHETIC_ENGINEERING_FIXTURE
2025-02-24,cronulla,Cronulla,51,19.2,true,SYNTHETIC_ENGINEERING_FIXTURE
2025-02-24,balmoral,Balmoral,16,19.2,true,SYNTHETIC_ENGINEERING_FIXTURE
2025-02-25,palm-beach,Palm Beach,2,19.3,true,SYNTHETIC_ENGINEERING_FIXTURE
2025-02-25,north-steyne,North Steyne,28,19.3,true,SYNTHETIC_ENGINEERING_FIXTURE
2025-02-25,bondi,Bondi,10,19.3,true,SYNTHETIC_ENGINEERING_FIXTURE
2025-02-25,coogee,Coogee,4,19.3,true,SYNTHETIC_ENGINEERING_FIXTURE
2025-02-25,cronulla,Cronulla,2,19.3,true,SYNTHETIC_ENGINEERING_FIXTURE
2025-02-25,balmoral,Balmoral,7,19.3,true,SYNTHETIC_ENGINEERING_FIXTURE
2025-02-26,palm-beach,Palm Beach,19,19.3,true,SYNTHETIC_ENGINEERING_FIXTURE
2025-02-26,north-steyne,North Steyne,9,19.3,true,SYNTHETIC_ENGINEERING_FIXTURE
2025-02-26,bondi,Bondi,16,19.3,true,SYNTHETIC_ENGINEERING_FIXTURE
2025-02-26,coogee,Coogee,0,19.3,true,SYNTHETIC_ENGINEERING_FIXTURE
2025-02-26,cronulla,Cronulla,53,19.3,true,SYNTHETIC_ENGINEERING_FIXTURE
2025-02-26,balmoral,Balmoral,2,19.3,true,SYNTHETIC_ENGINEERING_FIXTURE
2025-02-27,palm-beach,Palm Beach,20,19.4,true,SYNTHETIC_ENGINEERING_FIXTURE
2025-02-27,north-steyne,North Steyne,14,19.4,true,SYNTHETIC_ENGINEERING_FIXTURE
2025-02-27,bondi,Bondi,9,19.4,true,SYNTHETIC_ENGINEERING_FIXTURE
2025-02-27,coogee,Coogee,1,19.4,true,SYNTHETIC_ENGINEERING_FIXTURE
2025-02-27,cronulla,Cronulla,4,19.4,true,SYNTHETIC_ENGINEERING_FIXTURE
2025-02-27,balmoral,Balmoral,5,19.4,true,SYNTHETIC_ENGINEERING_FIXTURE
2025-02-28,palm-beach,Palm Beach,18,19.4,true,SYNTHETIC_ENGINEERING_FIXTURE
2025-02-28,north-steyne,North Steyne,3,19.4,true,SYNTHETIC_ENGINEERING_FIXTURE
2025-02-28,bondi,Bondi,3,19.4,true,SYNTHETIC_ENGINEERING_FIXTURE
2025-02-28,coogee,Coogee,11,19.4,true,SYNTHETIC_ENGINEERING_FIXTURE
2025-02-28,cronulla,Cronulla,3,19.4,true,SYNTHETIC_ENGINEERING_FIXTURE
2025-02-28,balmoral,Balmoral,4,19.4,true,SYNTHETIC_ENGINEERING_FIXTURE
2025-03-01,palm-beach,Palm Beach,12,19.5,true,SYNTHETIC_ENGINEERING_FIXTURE
2025-03-01,north-steyne,North Steyne,5,19.5,true,SYNTHETIC_ENGINEERING_FIXTURE
2025-03-01,bondi,Bondi,8,19.5,true,SYNTHETIC_ENGINEERING_FIXTURE
2025-03-01,coogee,Coogee,1,19.5,true,SYNTHETIC_ENGINEERING_FIXTURE
2025-03-01,cronulla,Cronulla,3,19.5,true,SYNTHETIC_ENGINEERING_FIXTURE
2025-03-01,balmoral,Balmoral,17,19.5,true,SYNTHETIC_ENGINEERING_FIXTURE
2025-03-02,palm-beach,Palm Beach,6,19.6,true,SYNTHETIC_ENGINEERING_FIXTURE
2025-03-02,north-steyne,North Steyne,10,19.6,true,SYNTHETIC_ENGINEERING_FIXTURE
2025-03-02,bondi,Bondi,23,19.6,true,SYNTHETIC_ENGINEERING_FIXTURE
2025-03-02,coogee,Coogee,18,19.6,true,SYNTHETIC_ENGINEERING_FIXTURE
2025-03-02,cronulla,Cronulla,3,19.6,true,SYNTHETIC_ENGINEERING_FIXTURE
2025-03-02,balmoral,Balmoral,5,19.6,true,SYNTHETIC_ENGINEERING_FIXTURE
2025-03-03,palm-beach,Palm Beach,4,19.6,true,SYNTHETIC_ENGINEERING_FIXTURE
2025-03-03,north-steyne,North Steyne,13,19.6,true,SYNTHETIC_ENGINEERING_FIXTURE
2025-03-03,bondi,Bondi,18,19.6,true,SYNTHETIC_ENGINEERING_FIXTURE
2025-03-03,coogee,Coogee,4,19.6,true,SYNTHETIC_ENGINEERING_FIXTURE
2025-03-03,cronulla,Cronulla,11,19.6,true,SYNTHETIC_ENGINEERING_FIXTURE
2025-03-03,balmoral,Balmoral,46,19.6,true,SYNTHETIC_ENGINEERING_FIXTURE
2025-03-04,palm-beach,Palm Beach,4,19.7,true,SYNTHETIC_ENGINEERING_FIXTURE
2025-03-04,north-steyne,North Steyne,8,19.7,true,SYNTHETIC_ENGINEERING_FIXTURE
2025-03-04,bondi,Bondi,4,19.7,true,SYNTHETIC_ENGINEERING_FIXTURE
2025-03-04,coogee,Coogee,1,19.7,true,SYNTHETIC_ENGINEERING_FIXTURE
2025-03-04,cronulla,Cronulla,11,19.7,true,SYNTHETIC_ENGINEERING_FIXTURE
2025-03-04,balmoral,Balmoral,7,19.7,true,SYNTHETIC_ENGINEERING_FIXTURE
2025-03-05,palm-beach,Palm Beach,2,19.7,true,SYNTHETIC_ENGINEERING_FIXTURE
2025-03-05,north-steyne,North Steyne,6,19.7,true,SYNTHETIC_ENGINEERING_FIXTURE
2025-03-05,bondi,Bondi,10,19.7,true,SYNTHETIC_ENGINEERING_FIXTURE
2025-03-05,coogee,Coogee,17,19.7,true,SYNTHETIC_ENGINEERING_FIXTURE
2025-03-05,cronulla,Cronulla,2,19.7,true,SYNTHETIC_ENGINEERING_FIXTURE
2025-03-05,balmoral,Balmoral,8,19.7,true,SYNTHETIC_ENGINEERING_FIXTURE
2025-03-06,palm-beach,Palm Beach,0,19.8,true,SYNTHETIC_ENGINEERING_FIXTURE
2025-03-06,north-steyne,North Steyne,7,19.8,true,SYNTHETIC_ENGINEERING_FIXTURE
2025-03-06,bondi,Bondi,2,19.8,true,SYNTHETIC_ENGINEERING_FIXTURE
2025-03-06,coogee,Coogee,3,19.8,true,SYNTHETIC_ENGINEERING_FIXTURE
2025-03-06,cronulla,Cronulla,19,19.8,true,SYNTHETIC_ENGINEERING_FIXTURE
2025-03-06,balmoral,Balmoral,57,19.8,true,SYNTHETIC_ENGINEERING_FIXTURE
2025-03-07,palm-beach,Palm Beach,124,19.9,true,SYNTHETIC_ENGINEERING_FIXTURE
2025-03-07,north-steyne,North Steyne,20,19.9,true,SYNTHETIC_ENGINEERING_FIXTURE
2025-03-07,bondi,Bondi,12,19.9,true,SYNTHETIC_ENGINEERING_FIXTURE
2025-03-07,coogee,Coogee,13,19.9,true,SYNTHETIC_ENGINEERING_FIXTURE
2025-03-07,cronulla,Cronulla,24,19.9,true,SYNTHETIC_ENGINEERING_FIXTURE
2025-03-07,balmoral,Balmoral,2,19.9,true,SYNTHETIC_ENGINEERING_FIXTURE
2025-03-08,palm-beach,Palm Beach,1,19.9,true,SYNTHETIC_ENGINEERING_FIXTURE
2025-03-08,north-steyne,North Steyne,14,19.9,true,SYNTHETIC_ENGINEERING_FIXTURE
2025-03-08,bondi,Bondi,9,19.9,true,SYNTHETIC_ENGINEERING_FIXTURE
2025-03-08,coogee,Coogee,10,19.9,true,SYNTHETIC_ENGINEERING_FIXTURE
2025-03-08,cronulla,Cronulla,12,19.9,true,SYNTHETIC_ENGINEERING_FIXTURE
2025-03-08,balmoral,Balmoral,14,19.9,true,SYNTHETIC_ENGINEERING_FIXTURE
2025-03-09,palm-beach,Palm Beach,10,20.0,true,SYNTHETIC_ENGINEERING_FIXTURE
2025-03-09,north-steyne,North Steyne,28,20.0,true,SYNTHETIC_ENGINEERING_FIXTURE
2025-03-09,bondi,Bondi,17,20.0,true,SYNTHETIC_ENGINEERING_FIXTURE
2025-03-09,coogee,Coogee,14,20.0,true,SYNTHETIC_ENGINEERING_FIXTURE
2025-03-09,cronulla,Cronulla,11,20.0,true,SYNTHETIC_ENGINEERING_FIXTURE
2025-03-09,balmoral,Balmoral,5,20.0,true,SYNTHETIC_ENGINEERING_FIXTURE
2025-03-10,palm-beach,Palm Beach,27,20.0,true,SYNTHETIC_ENGINEERING_FIXTURE
2025-03-10,north-steyne,North Steyne,11,20.0,true,SYNTHETIC_ENGINEERING_FIXTURE
2025-03-10,bondi,Bondi,12,20.0,true,SYNTHETIC_ENGINEERING_FIXTURE
2025-03-10,coogee,Coogee,9,20.0,true,SYNTHETIC_ENGINEERING_FIXTURE
2025-03-10,cronulla,Cronulla,1,20.0,true,SYNTHETIC_ENGINEERING_FIXTURE
2025-03-10,balmoral,Balmoral,1,20.0,true,SYNTHETIC_ENGINEERING_FIXTURE
2025-03-11,palm-beach,Palm Beach,4,20.1,true,SYNTHETIC_ENGINEERING_FIXTURE
2025-03-11,north-steyne,North Steyne,135,20.1,true,SYNTHETIC_ENGINEERING_FIXTURE
2025-03-11,bondi,Bondi,2,20.1,true,SYNTHETIC_ENGINEERING_FIXTURE
2025-03-11,coogee,Coogee,29,20.1,true,SYNTHETIC_ENGINEERING_FIXTURE
2025-03-11,cronulla,Cronulla,29,20.1,true,SYNTHETIC_ENGINEERING_FIXTURE
2025-03-11,balmoral,Balmoral,18,20.1,true,SYNTHETIC_ENGINEERING_FIXTURE
2025-03-12,palm-beach,Palm Beach,3,20.2,true,SYNTHETIC_ENGINEERING_FIXTURE
2025-03-12,north-steyne,North Steyne,8,20.2,true,SYNTHETIC_ENGINEERING_FIXTURE
2025-03-12,bondi,Bondi,11,20.2,true,SYNTHETIC_ENGINEERING_FIXTURE
2025-03-12,coogee,Coogee,12,20.2,true,SYNTHETIC_ENGINEERING_FIXTURE
2025-03-12,cronulla,Cronulla,3,20.2,true,SYNTHETIC_ENGINEERING_FIXTURE
2025-03-12,balmoral,Balmoral,7,20.2,true,SYNTHETIC_ENGINEERING_FIXTURE
2025-03-13,palm-beach,Palm Beach,3,20.2,true,SYNTHETIC_ENGINEERING_FIXTURE
2025-03-13,north-steyne,North Steyne,4,20.2,true,SYNTHETIC_ENGINEERING_FIXTURE
2025-03-13,bondi,Bondi,4,20.2,true,SYNTHETIC_ENGINEERING_FIXTURE
2025-03-13,coogee,Coogee,14,20.2,true,SYNTHETIC_ENGINEERING_FIXTURE
2025-03-13,cronulla,Cronulla,1,20.2,true,SYNTHETIC_ENGINEERING_FIXTURE
2025-03-13,balmoral,Balmoral,29,20.2,true,SYNTHETIC_ENGINEERING_FIXTURE
2025-03-14,palm-beach,Palm Beach,8,20.3,true,SYNTHETIC_ENGINEERING_FIXTURE
2025-03-14,north-steyne,North Steyne,3,20.3,true,SYNTHETIC_ENGINEERING_FIXTURE
2025-03-14,bondi,Bondi,4,20.3,true,SYNTHETIC_ENGINEERING_FIXTURE
2025-03-14,coogee,Coogee,1,20.3,true,SYNTHETIC_ENGINEERING_FIXTURE
2025-03-14,cronulla,Cronulla,9,20.3,true,SYNTHETIC_ENGINEERING_FIXTURE
2025-03-14,balmoral,Balmoral,2,20.3,true,SYNTHETIC_ENGINEERING_FIXTURE
2025-03-15,palm-beach,Palm Beach,5,20.3,true,SYNTHETIC_ENGINEERING_FIXTURE
2025-03-15,north-steyne,North Steyne,87,20.3,true,SYNTHETIC_ENGINEERING_FIXTURE
2025-03-15,bondi,Bondi,3,20.3,true,SYNTHETIC_ENGINEERING_FIXTURE
2025-03-15,coogee,Coogee,2,20.3,true,SYNTHETIC_ENGINEERING_FIXTURE
2025-03-15,cronulla,Cronulla,4,20.3,true,SYNTHETIC_ENGINEERING_FIXTURE
2025-03-15,balmoral,Balmoral,26,20.3,true,SYNTHETIC_ENGINEERING_FIXTURE
2025-03-16,palm-beach,Palm Beach,14,20.4,true,SYNTHETIC_ENGINEERING_FIXTURE
2025-03-16,north-steyne,North Steyne,58,20.4,true,SYNTHETIC_ENGINEERING_FIXTURE
2025-03-16,bondi,Bondi,7,20.4,true,SYNTHETIC_ENGINEERING_FIXTURE
2025-03-16,coogee,Coogee,2,20.4,true,SYNTHETIC_ENGINEERING_FIXTURE
2025-03-16,cronulla,Cronulla,32,20.4,true,SYNTHETIC_ENGINEERING_FIXTURE
2025-03-16,balmoral,Balmoral,28,20.4,true,SYNTHETIC_ENGINEERING_FIXTURE
2025-03-17,palm-beach,Palm Beach,125,20.5,true,SYNTHETIC_ENGINEERING_FIXTURE
2025-03-17,north-steyne,North Steyne,24,20.5,true,SYNTHETIC_ENGINEERING_FIXTURE
2025-03-17,bondi,Bondi,7,20.5,true,SYNTHETIC_ENGINEERING_FIXTURE
2025-03-17,coogee,Coogee,7,20.5,true,SYNTHETIC_ENGINEERING_FIXTURE
2025-03-17,cronulla,Cronulla,3,20.5,true,SYNTHETIC_ENGINEERING_FIXTURE
2025-03-17,balmoral,Balmoral,7,20.5,true,SYNTHETIC_ENGINEERING_FIXTURE
2025-03-18,palm-beach,Palm Beach,3,20.5,true,SYNTHETIC_ENGINEERING_FIXTURE
2025-03-18,north-steyne,North Steyne,1,20.5,true,SYNTHETIC_ENGINEERING_FIXTURE
2025-03-18,bondi,Bondi,3,20.5,true,SYNTHETIC_ENGINEERING_FIXTURE
2025-03-18,coogee,Coogee,4,20.5,true,SYNTHETIC_ENGINEERING_FIXTURE
2025-03-18,cronulla,Cronulla,3,20.5,true,SYNTHETIC_ENGINEERING_FIXTURE
2025-03-18,balmoral,Balmoral,11,20.5,true,SYNTHETIC_ENGINEERING_FIXTURE
2025-03-19,palm-beach,Palm Beach,10,20.6,true,SYNTHETIC_ENGINEERING_FIXTURE
2025-03-19,north-steyne,North Steyne,13,20.6,true,SYNTHETIC_ENGINEERING_FIXTURE
2025-03-19,bondi,Bondi,3,20.6,true,SYNTHETIC_ENGINEERING_FIXTURE
2025-03-19,coogee,Coogee,8,20.6,true,SYNTHETIC_ENGINEERING_FIXTURE
2025-03-19,cronulla,Cronulla,3,20.6,true,SYNTHETIC_ENGINEERING_FIXTURE
2025-03-19,balmoral,Balmoral,6,20.6,true,SYNTHETIC_ENGINEERING_FIXTURE
2025-03-20,palm-beach,Palm Beach,3,20.6,true,SYNTHETIC_ENGINEERING_FIXTURE
2025-03-20,north-steyne,North Steyne,2,20.6,true,SYNTHETIC_ENGINEERING_FIXTURE
2025-03-20,bondi,Bondi,16,20.6,true,SYNTHETIC_ENGINEERING_FIXTURE
2025-03-20,coogee,Coogee,41,20.6,true,SYNTHETIC_ENGINEERING_FIXTURE
2025-03-20,cronulla,Cronulla,1,20.6,true,SYNTHETIC_ENGINEERING_FIXTURE
2025-03-20,balmoral,Balmoral,23,20.6,true,SYNTHETIC_ENGINEERING_FIXTURE
2025-03-21,palm-beach,Palm Beach,15,20.7,true,SYNTHETIC_ENGINEERING_FIXTURE
2025-03-21,north-steyne,North Steyne,6,20.7,true,SYNTHETIC_ENGINEERING_FIXTURE
2025-03-21,bondi,Bondi,1,20.7,true,SYNTHETIC_ENGINEERING_FIXTURE
2025-03-21,coogee,Coogee,7,20.7,true,SYNTHETIC_ENGINEERING_FIXTURE
2025-03-21,cronulla,Cronulla,2,20.7,true,SYNTHETIC_ENGINEERING_FIXTURE
2025-03-21,balmoral,Balmoral,1,20.7,true,SYNTHETIC_ENGINEERING_FIXTURE
2025-03-22,palm-beach,Palm Beach,5,20.7,true,SYNTHETIC_ENGINEERING_FIXTURE
2025-03-22,north-steyne,North Steyne,9,20.7,true,SYNTHETIC_ENGINEERING_FIXTURE
2025-03-22,bondi,Bondi,12,20.7,true,SYNTHETIC_ENGINEERING_FIXTURE
2025-03-22,coogee,Coogee,43,20.7,true,SYNTHETIC_ENGINEERING_FIXTURE
2025-03-22,cronulla,Cronulla,36,20.7,true,SYNTHETIC_ENGINEERING_FIXTURE
2025-03-22,balmoral,Balmoral,4,20.7,true,SYNTHETIC_ENGINEERING_FIXTURE
2025-03-23,palm-beach,Palm Beach,3,20.8,true,SYNTHETIC_ENGINEERING_FIXTURE
2025-03-23,north-steyne,North Steyne,16,20.8,true,SYNTHETIC_ENGINEERING_FIXTURE
2025-03-23,bondi,Bondi,2,20.8,true,SYNTHETIC_ENGINEERING_FIXTURE
2025-03-23,coogee,Coogee,13,20.8,true,SYNTHETIC_ENGINEERING_FIXTURE
2025-03-23,cronulla,Cronulla,12,20.8,true,SYNTHETIC_ENGINEERING_FIXTURE
2025-03-23,balmoral,Balmoral,5,20.8,true,SYNTHETIC_ENGINEERING_FIXTURE
2025-03-24,palm-beach,Palm Beach,34,20.8,true,SYNTHETIC_ENGINEERING_FIXTURE
2025-03-24,north-steyne,North Steyne,12,20.8,true,SYNTHETIC_ENGINEERING_FIXTURE
2025-03-24,bondi,Bondi,37,20.8,true,SYNTHETIC_ENGINEERING_FIXTURE
2025-03-24,coogee,Coogee,20,20.8,true,SYNTHETIC_ENGINEERING_FIXTURE
2025-03-24,cronulla,Cronulla,6,20.8,true,SYNTHETIC_ENGINEERING_FIXTURE
2025-03-24,balmoral,Balmoral,42,20.8,true,SYNTHETIC_ENGINEERING_FIXTURE
2025-03-25,palm-beach,Palm Beach,53,20.9,true,SYNTHETIC_ENGINEERING_FIXTURE
2025-03-25,north-steyne,North Steyne,6,20.9,true,SYNTHETIC_ENGINEERING_FIXTURE
2025-03-25,bondi,Bondi,1,20.9,true,SYNTHETIC_ENGINEERING_FIXTURE
2025-03-25,coogee,Coogee,3,20.9,true,SYNTHETIC_ENGINEERING_FIXTURE
2025-03-25,cronulla,Cronulla,9,20.9,true,SYNTHETIC_ENGINEERING_FIXTURE
2025-03-25,balmoral,Balmoral,7,20.9,true,SYNTHETIC_ENGINEERING_FIXTURE
2025-03-26,palm-beach,Palm Beach,6,21.0,true,SYNTHETIC_ENGINEERING_FIXTURE
2025-03-26,north-steyne,North Steyne,26,21.0,true,SYNTHETIC_ENGINEERING_FIXTURE
2025-03-26,bondi,Bondi,13,21.0,true,SYNTHETIC_ENGINEERING_FIXTURE
2025-03-26,coogee,Coogee,2,21.0,true,SYNTHETIC_ENGINEERING_FIXTURE
2025-03-26,cronulla,Cronulla,13,21.0,true,SYNTHETIC_ENGINEERING_FIXTURE
2025-03-26,balmoral,Balmoral,38,21.0,true,SYNTHETIC_ENGINEERING_FIXTURE
2025-03-27,palm-beach,Palm Beach,34,21.0,true,SYNTHETIC_ENGINEERING_FIXTURE
2025-03-27,north-steyne,North Steyne,18,21.0,true,SYNTHETIC_ENGINEERING_FIXTURE
2025-03-27,bondi,Bondi,3,21.0,true,SYNTHETIC_ENGINEERING_FIXTURE
2025-03-27,coogee,Coogee,12,21.0,true,SYNTHETIC_ENGINEERING_FIXTURE
2025-03-27,cronulla,Cronulla,24,21.0,true,SYNTHETIC_ENGINEERING_FIXTURE
2025-03-27,balmoral,Balmoral,0,21.0,true,SYNTHETIC_ENGINEERING_FIXTURE
2025-03-28,palm-beach,Palm Beach,17,21.1,true,SYNTHETIC_ENGINEERING_FIXTURE
2025-03-28,north-steyne,North Steyne,31,21.1,true,SYNTHETIC_ENGINEERING_FIXTURE
2025-03-28,bondi,Bondi,27,21.1,true,SYNTHETIC_ENGINEERING_FIXTURE
2025-03-28,coogee,Coogee,0,21.1,true,SYNTHETIC_ENGINEERING_FIXTURE
2025-03-28,cronulla,Cronulla,9,21.1,true,SYNTHETIC_ENGINEERING_FIXTURE
2025-03-28,balmoral,Balmoral,10,21.1,true,SYNTHETIC_ENGINEERING_FIXTURE
2025-03-29,palm-beach,Palm Beach,7,21.1,true,SYNTHETIC_ENGINEERING_FIXTURE
2025-03-29,north-steyne,North Steyne,16,21.1,true,SYNTHETIC_ENGINEERING_FIXTURE
2025-03-29,bondi,Bondi,6,21.1,true,SYNTHETIC_ENGINEERING_FIXTURE
2025-03-29,coogee,Coogee,29,21.1,true,SYNTHETIC_ENGINEERING_FIXTURE
2025-03-29,cronulla,Cronulla,1,21.1,true,SYNTHETIC_ENGINEERING_FIXTURE
2025-03-29,balmoral,Balmoral,6,21.1,true,SYNTHETIC_ENGINEERING_FIXTURE
2025-03-30,palm-beach,Palm Beach,1,21.2,true,SYNTHETIC_ENGINEERING_FIXTURE
2025-03-30,north-steyne,North Steyne,9,21.2,true,SYNTHETIC_ENGINEERING_FIXTURE
2025-03-30,bondi,Bondi,10,21.2,true,SYNTHETIC_ENGINEERING_FIXTURE
2025-03-30,coogee,Coogee,10,21.2,true,SYNTHETIC_ENGINEERING_FIXTURE
2025-03-30,cronulla,Cronulla,16,21.2,true,SYNTHETIC_ENGINEERING_FIXTURE
2025-03-30,balmoral,Balmoral,20,21.2,true,SYNTHETIC_ENGINEERING_FIXTURE
2025-03-31,palm-beach,Palm Beach,20,21.2,true,SYNTHETIC_ENGINEERING_FIXTURE
2025-03-31,north-steyne,North Steyne,11,21.2,true,SYNTHETIC_ENGINEERING_FIXTURE
2025-03-31,bondi,Bondi,6,21.2,true,SYNTHETIC_ENGINEERING_FIXTURE
2025-03-31,coogee,Coogee,0,21.2,true,SYNTHETIC_ENGINEERING_FIXTURE
2025-03-31,cronulla,Cronulla,10,21.2,true,SYNTHETIC_ENGINEERING_FIXTURE
2025-03-31,balmoral,Balmoral,7,21.2,true,SYNTHETIC_ENGINEERING_FIXTURE
2025-04-01,palm-beach,Palm Beach,11,21.3,true,SYNTHETIC_ENGINEERING_FIXTURE
2025-04-01,north-steyne,North Steyne,12,21.3,true,SYNTHETIC_ENGINEERING_FIXTURE
2025-04-01,bondi,Bondi,11,21.3,true,SYNTHETIC_ENGINEERING_FIXTURE
2025-04-01,coogee,Coogee,10,21.3,true,SYNTHETIC_ENGINEERING_FIXTURE
2025-04-01,cronulla,Cronulla,28,21.3,true,SYNTHETIC_ENGINEERING_FIXTURE
2025-04-01,balmoral,Balmoral,5,21.3,true,SYNTHETIC_ENGINEERING_FIXTURE
2025-04-02,palm-beach,Palm Beach,42,21.3,true,SYNTHETIC_ENGINEERING_FIXTURE
2025-04-02,north-steyne,North Steyne,8,21.3,true,SYNTHETIC_ENGINEERING_FIXTURE
2025-04-02,bondi,Bondi,6,21.3,true,SYNTHETIC_ENGINEERING_FIXTURE
2025-04-02,coogee,Coogee,38,21.3,true,SYNTHETIC_ENGINEERING_FIXTURE
2025-04-02,cronulla,Cronulla,1,21.3,true,SYNTHETIC_ENGINEERING_FIXTURE
2025-04-02,balmoral,Balmoral,61,21.3,true,SYNTHETIC_ENGINEERING_FIXTURE
2025-04-03,palm-beach,Palm Beach,0,21.4,true,SYNTHETIC_ENGINEERING_FIXTURE
2025-04-03,north-steyne,North Steyne,81,21.4,true,SYNTHETIC_ENGINEERING_FIXTURE
2025-04-03,bondi,Bondi,7,21.4,true,SYNTHETIC_ENGINEERING_FIXTURE
2025-04-03,coogee,Coogee,3,21.4,true,SYNTHETIC_ENGINEERING_FIXTURE
2025-04-03,cronulla,Cronulla,15,21.4,true,SYNTHETIC_ENGINEERING_FIXTURE
2025-04-03,balmoral,Balmoral,1,21.4,true,SYNTHETIC_ENGINEERING_FIXTURE
2025-04-04,palm-beach,Palm Beach,11,21.4,true,SYNTHETIC_ENGINEERING_FIXTURE
2025-04-04,north-steyne,North Steyne,5,21.4,true,SYNTHETIC_ENGINEERING_FIXTURE
2025-04-04,bondi,Bondi,3,21.4,true,SYNTHETIC_ENGINEERING_FIXTURE
2025-04-04,coogee,Coogee,7,21.4,true,SYNTHETIC_ENGINEERING_FIXTURE
2025-04-04,cronulla,Cronulla,20,21.4,true,SYNTHETIC_ENGINEERING_FIXTURE
2025-04-04,balmoral,Balmoral,12,21.4,true,SYNTHETIC_ENGINEERING_FIXTURE
2025-04-05,palm-beach,Palm Beach,11,21.5,true,SYNTHETIC_ENGINEERING_FIXTURE
2025-04-05,north-steyne,North Steyne,2,21.5,true,SYNTHETIC_ENGINEERING_FIXTURE
2025-04-05,bondi,Bondi,7,21.5,true,SYNTHETIC_ENGINEERING_FIXTURE
2025-04-05,coogee,Coogee,2,21.5,true,SYNTHETIC_ENGINEERING_FIXTURE
2025-04-05,cronulla,Cronulla,6,21.5,true,SYNTHETIC_ENGINEERING_FIXTURE
2025-04-05,balmoral,Balmoral,9,21.5,true,SYNTHETIC_ENGINEERING_FIXTURE
2025-04-06,palm-beach,Palm Beach,2,21.5,true,SYNTHETIC_ENGINEERING_FIXTURE
2025-04-06,north-steyne,North Steyne,7,21.5,true,SYNTHETIC_ENGINEERING_FIXTURE
2025-04-06,bondi,Bondi,203,21.5,true,SYNTHETIC_ENGINEERING_FIXTURE
2025-04-06,coogee,Coogee,2,21.5,true,SYNTHETIC_ENGINEERING_FIXTURE
2025-04-06,cronulla,Cronulla,7,21.5,true,SYNTHETIC_ENGINEERING_FIXTURE
2025-04-06,balmoral,Balmoral,4,21.5,true,SYNTHETIC_ENGINEERING_FIXTURE
2025-04-07,palm-beach,Palm Beach,30,21.6,true,SYNTHETIC_ENGINEERING_FIXTURE
2025-04-07,north-steyne,North Steyne,20,21.6,true,SYNTHETIC_ENGINEERING_FIXTURE
2025-04-07,bondi,Bondi,2,21.6,true,SYNTHETIC_ENGINEERING_FIXTURE
2025-04-07,coogee,Coogee,22,21.6,true,SYNTHETIC_ENGINEERING_FIXTURE
2025-04-07,cronulla,Cronulla,4,21.6,true,SYNTHETIC_ENGINEERING_FIXTURE
2025-04-07,balmoral,Balmoral,11,21.6,true,SYNTHETIC_ENGINEERING_FIXTURE
2025-04-08,palm-beach,Palm Beach,9,21.6,true,SYNTHETIC_ENGINEERING_FIXTURE
2025-04-08,north-steyne,North Steyne,8,21.6,true,SYNTHETIC_ENGINEERING_FIXTURE
2025-04-08,bondi,Bondi,1,21.6,true,SYNTHETIC_ENGINEERING_FIXTURE
2025-04-08,coogee,Coogee,4,21.6,true,SYNTHETIC_ENGINEERING_FIXTURE
2025-04-08,cronulla,Cronulla,1,21.6,true,SYNTHETIC_ENGINEERING_FIXTURE
2025-04-08,balmoral,Balmoral,2,21.6,true,SYNTHETIC_ENGINEERING_FIXTURE
2025-04-09,palm-beach,Palm Beach,1,21.7,true,SYNTHETIC_ENGINEERING_FIXTURE
2025-04-09,north-steyne,North Steyne,4,21.7,true,SYNTHETIC_ENGINEERING_FIXTURE
2025-04-09,bondi,Bondi,3,21.7,true,SYNTHETIC_ENGINEERING_FIXTURE
2025-04-09,coogee,Coogee,3,21.7,true,SYNTHETIC_ENGINEERING_FIXTURE
2025-04-09,cronulla,Cronulla,6,21.7,true,SYNTHETIC_ENGINEERING_FIXTURE
2025-04-09,balmoral,Balmoral,2,21.7,true,SYNTHETIC_ENGINEERING_FIXTURE
2025-04-10,palm-beach,Palm Beach,10,21.7,true,SYNTHETIC_ENGINEERING_FIXTURE
2025-04-10,north-steyne,North Steyne,13,21.7,true,SYNTHETIC_ENGINEERING_FIXTURE
2025-04-10,bondi,Bondi,3,21.7,true,SYNTHETIC_ENGINEERING_FIXTURE
2025-04-10,coogee,Coogee,11,21.7,true,SYNTHETIC_ENGINEERING_FIXTURE
2025-04-10,cronulla,Cronulla,13,21.7,true,SYNTHETIC_ENGINEERING_FIXTURE
2025-04-10,balmoral,Balmoral,32,21.7,true,SYNTHETIC_ENGINEERING_FIXTURE
2025-04-11,palm-beach,Palm Beach,7,21.8,true,SYNTHETIC_ENGINEERING_FIXTURE
2025-04-11,north-steyne,North Steyne,7,21.8,true,SYNTHETIC_ENGINEERING_FIXTURE
2025-04-11,bondi,Bondi,6,21.8,true,SYNTHETIC_ENGINEERING_FIXTURE
2025-04-11,coogee,Coogee,15,21.8,true,SYNTHETIC_ENGINEERING_FIXTURE
2025-04-11,cronulla,Cronulla,5,21.8,true,SYNTHETIC_ENGINEERING_FIXTURE
2025-04-11,balmoral,Balmoral,46,21.8,true,SYNTHETIC_ENGINEERING_FIXTURE
2025-04-12,palm-beach,Palm Beach,9,21.8,true,SYNTHETIC_ENGINEERING_FIXTURE
2025-04-12,north-steyne,North Steyne,4,21.8,true,SYNTHETIC_ENGINEERING_FIXTURE
2025-04-12,bondi,Bondi,8,21.8,true,SYNTHETIC_ENGINEERING_FIXTURE
2025-04-12,coogee,Coogee,21,21.8,true,SYNTHETIC_ENGINEERING_FIXTURE
2025-04-12,cronulla,Cronulla,12,21.8,true,SYNTHETIC_ENGINEERING_FIXTURE
2025-04-12,balmoral,Balmoral,2,21.8,true,SYNTHETIC_ENGINEERING_FIXTURE
2025-04-13,palm-beach,Palm Beach,12,21.9,true,SYNTHETIC_ENGINEERING_FIXTURE
2025-04-13,north-steyne,North Steyne,1,21.9,true,SYNTHETIC_ENGINEERING_FIXTURE
2025-04-13,bondi,Bondi,11,21.9,true,SYNTHETIC_ENGINEERING_FIXTURE
2025-04-13,coogee,Coogee,5,21.9,true,SYNTHETIC_ENGINEERING_FIXTURE
2025-04-13,cronulla,Cronulla,4,21.9,true,SYNTHETIC_ENGINEERING_FIXTURE
2025-04-13,balmoral,Balmoral,3,21.9,true,SYNTHETIC_ENGINEERING_FIXTURE
2025-04-14,palm-beach,Palm Beach,3,21.9,true,SYNTHETIC_ENGINEERING_FIXTURE
2025-04-14,north-steyne,North Steyne,37,21.9,true,SYNTHETIC_ENGINEERING_FIXTURE
2025-04-14,bondi,Bondi,2,21.9,true,SYNTHETIC_ENGINEERING_FIXTURE
2025-04-14,coogee,Coogee,3,21.9,true,SYNTHETIC_ENGINEERING_FIXTURE
2025-04-14,cronulla,Cronulla,10,21.9,true,SYNTHETIC_ENGINEERING_FIXTURE
2025-04-14,balmoral,Balmoral,6,21.9,true,SYNTHETIC_ENGINEERING_FIXTURE
2025-04-15,palm-beach,Palm Beach,2,21.9,true,SYNTHETIC_ENGINEERING_FIXTURE
2025-04-15,north-steyne,North Steyne,12,21.9,true,SYNTHETIC_ENGINEERING_FIXTURE
2025-04-15,bondi,Bondi,4,21.9,true,SYNTHETIC_ENGINEERING_FIXTURE
2025-04-15,coogee,Coogee,16,21.9,true,SYNTHETIC_ENGINEERING_FIXTURE
2025-04-15,cronulla,Cronulla,3,21.9,true,SYNTHETIC_ENGINEERING_FIXTURE
2025-04-15,balmoral,Balmoral,3,21.9,true,SYNTHETIC_ENGINEERING_FIXTURE
2025-04-16,palm-beach,Palm Beach,3,22.0,true,SYNTHETIC_ENGINEERING_FIXTURE
2025-04-16,north-steyne,North Steyne,5,22.0,true,SYNTHETIC_ENGINEERING_FIXTURE
2025-04-16,bondi,Bondi,4,22.0,true,SYNTHETIC_ENGINEERING_FIXTURE
2025-04-16,coogee,Coogee,8,22.0,true,SYNTHETIC_ENGINEERING_FIXTURE
2025-04-16,cronulla,Cronulla,1,22.0,true,SYNTHETIC_ENGINEERING_FIXTURE
2025-04-16,balmoral,Balmoral,9,22.0,true,SYNTHETIC_ENGINEERING_FIXTURE
2025-04-17,palm-beach,Palm Beach,4,22.0,true,SYNTHETIC_ENGINEERING_FIXTURE
2025-04-17,north-steyne,North Steyne,1,22.0,true,SYNTHETIC_ENGINEERING_FIXTURE
2025-04-17,bondi,Bondi,17,22.0,true,SYNTHETIC_ENGINEERING_FIXTURE
2025-04-17,coogee,Coogee,1,22.0,true,SYNTHETIC_ENGINEERING_FIXTURE
2025-04-17,cronulla,Cronulla,4,22.0,true,SYNTHETIC_ENGINEERING_FIXTURE
2025-04-17,balmoral,Balmoral,14,22.0,true,SYNTHETIC_ENGINEERING_FIXTURE
2025-04-18,palm-beach,Palm Beach,16,22.1,true,SYNTHETIC_ENGINEERING_FIXTURE
2025-04-18,north-steyne,North Steyne,15,22.1,true,SYNTHETIC_ENGINEERING_FIXTURE
2025-04-18,bondi,Bondi,5,22.1,true,SYNTHETIC_ENGINEERING_FIXTURE
2025-04-18,coogee,Coogee,14,22.1,true,SYNTHETIC_ENGINEERING_FIXTURE
2025-04-18,cronulla,Cronulla,5,22.1,true,SYNTHETIC_ENGINEERING_FIXTURE
2025-04-18,balmoral,Balmoral,2,22.1,true,SYNTHETIC_ENGINEERING_FIXTURE
2025-04-19,palm-beach,Palm Beach,23,22.1,true,SYNTHETIC_ENGINEERING_FIXTURE
2025-04-19,north-steyne,North Steyne,7,22.1,true,SYNTHETIC_ENGINEERING_FIXTURE
2025-04-19,bondi,Bondi,4,22.1,true,SYNTHETIC_ENGINEERING_FIXTURE
2025-04-19,coogee,Coogee,5,22.1,true,SYNTHETIC_ENGINEERING_FIXTURE
2025-04-19,cronulla,Cronulla,5,22.1,true,SYNTHETIC_ENGINEERING_FIXTURE
2025-04-19,balmoral,Balmoral,4,22.1,true,SYNTHETIC_ENGINEERING_FIXTURE
2025-04-20,palm-beach,Palm Beach,17,22.2,true,SYNTHETIC_ENGINEERING_FIXTURE
2025-04-20,north-steyne,North Steyne,15,22.2,true,SYNTHETIC_ENGINEERING_FIXTURE
2025-04-20,bondi,Bondi,16,22.2,true,SYNTHETIC_ENGINEERING_FIXTURE
2025-04-20,coogee,Coogee,17,22.2,true,SYNTHETIC_ENGINEERING_FIXTURE
2025-04-20,cronulla,Cronulla,3,22.2,true,SYNTHETIC_ENGINEERING_FIXTURE
2025-04-20,balmoral,Balmoral,2,22.2,true,SYNTHETIC_ENGINEERING_FIXTURE
2025-04-21,palm-beach,Palm Beach,2,22.2,true,SYNTHETIC_ENGINEERING_FIXTURE
2025-04-21,north-steyne,North Steyne,3,22.2,true,SYNTHETIC_ENGINEERING_FIXTURE
2025-04-21,bondi,Bondi,8,22.2,true,SYNTHETIC_ENGINEERING_FIXTURE
2025-04-21,coogee,Coogee,8,22.2,true,SYNTHETIC_ENGINEERING_FIXTURE
2025-04-21,cronulla,Cronulla,22,22.2,true,SYNTHETIC_ENGINEERING_FIXTURE
2025-04-21,balmoral,Balmoral,2,22.2,true,SYNTHETIC_ENGINEERING_FIXTURE
2025-04-22,palm-beach,Palm Beach,51,22.2,true,SYNTHETIC_ENGINEERING_FIXTURE
2025-04-22,north-steyne,North Steyne,12,22.2,true,SYNTHETIC_ENGINEERING_FIXTURE
2025-04-22,bondi,Bondi,7,22.2,true,SYNTHETIC_ENGINEERING_FIXTURE
2025-04-22,coogee,Coogee,2,22.2,true,SYNTHETIC_ENGINEERING_FIXTURE
2025-04-22,cronulla,Cronulla,14,22.2,true,SYNTHETIC_ENGINEERING_FIXTURE
2025-04-22,balmoral,Balmoral,0,22.2,true,SYNTHETIC_ENGINEERING_FIXTURE
2025-04-23,palm-beach,Palm Beach,2,22.3,true,SYNTHETIC_ENGINEERING_FIXTURE
2025-04-23,north-steyne,North Steyne,11,22.3,true,SYNTHETIC_ENGINEERING_FIXTURE
2025-04-23,bondi,Bondi,23,22.3,true,SYNTHETIC_ENGINEERING_FIXTURE
2025-04-23,coogee,Coogee,78,22.3,true,SYNTHETIC_ENGINEERING_FIXTURE
2025-04-23,cronulla,Cronulla,4,22.3,true,SYNTHETIC_ENGINEERING_FIXTURE
2025-04-23,balmoral,Balmoral,25,22.3,true,SYNTHETIC_ENGINEERING_FIXTURE
2025-04-24,palm-beach,Palm Beach,1,22.3,true,SYNTHETIC_ENGINEERING_FIXTURE
2025-04-24,north-steyne,North Steyne,6,22.3,true,SYNTHETIC_ENGINEERING_FIXTURE
2025-04-24,bondi,Bondi,3,22.3,true,SYNTHETIC_ENGINEERING_FIXTURE
2025-04-24,coogee,Coogee,2,22.3,true,SYNTHETIC_ENGINEERING_FIXTURE
2025-04-24,cronulla,Cronulla,1,22.3,true,SYNTHETIC_ENGINEERING_FIXTURE
2025-04-24,balmoral,Balmoral,6,22.3,true,SYNTHETIC_ENGINEERING_FIXTURE
2025-04-25,palm-beach,Palm Beach,3,22.3,true,SYNTHETIC_ENGINEERING_FIXTURE
2025-04-25,north-steyne,North Steyne,6,22.3,true,SYNTHETIC_ENGINEERING_FIXTURE
2025-04-25,bondi,Bondi,1,22.3,true,SYNTHETIC_ENGINEERING_FIXTURE
2025-04-25,coogee,Coogee,4,22.3,true,SYNTHETIC_ENGINEERING_FIXTURE
2025-04-25,cronulla,Cronulla,5,22.3,true,SYNTHETIC_ENGINEERING_FIXTURE
2025-04-25,balmoral,Balmoral,2,22.3,true,SYNTHETIC_ENGINEERING_FIXTURE
2025-04-26,palm-beach,Palm Beach,1,22.4,true,SYNTHETIC_ENGINEERING_FIXTURE
2025-04-26,north-steyne,North Steyne,6,22.4,true,SYNTHETIC_ENGINEERING_FIXTURE
2025-04-26,bondi,Bondi,1,22.4,true,SYNTHETIC_ENGINEERING_FIXTURE
2025-04-26,coogee,Coogee,30,22.4,true,SYNTHETIC_ENGINEERING_FIXTURE
2025-04-26,cronulla,Cronulla,13,22.4,true,SYNTHETIC_ENGINEERING_FIXTURE
2025-04-26,balmoral,Balmoral,17,22.4,true,SYNTHETIC_ENGINEERING_FIXTURE
2025-04-27,palm-beach,Palm Beach,0,22.4,true,SYNTHETIC_ENGINEERING_FIXTURE
2025-04-27,north-steyne,North Steyne,5,22.4,true,SYNTHETIC_ENGINEERING_FIXTURE
2025-04-27,bondi,Bondi,12,22.4,true,SYNTHETIC_ENGINEERING_FIXTURE
2025-04-27,coogee,Coogee,1,22.4,true,SYNTHETIC_ENGINEERING_FIXTURE
2025-04-27,cronulla,Cronulla,27,22.4,true,SYNTHETIC_ENGINEERING_FIXTURE
2025-04-27,balmoral,Balmoral,3,22.4,true,SYNTHETIC_ENGINEERING_FIXTURE
2025-04-28,palm-beach,Palm Beach,5,22.4,true,SYNTHETIC_ENGINEERING_FIXTURE
2025-04-28,north-steyne,North Steyne,14,22.4,true,SYNTHETIC_ENGINEERING_FIXTURE
2025-04-28,bondi,Bondi,2,22.4,true,SYNTHETIC_ENGINEERING_FIXTURE
2025-04-28,coogee,Coogee,29,22.4,true,SYNTHETIC_ENGINEERING_FIXTURE
2025-04-28,cronulla,Cronulla,45,22.4,true,SYNTHETIC_ENGINEERING_FIXTURE
2025-04-28,balmoral,Balmoral,14,22.4,true,SYNTHETIC_ENGINEERING_FIXTURE
2025-04-29,palm-beach,Palm Beach,3,22.5,true,SYNTHETIC_ENGINEERING_FIXTURE
2025-04-29,north-steyne,North Steyne,17,22.5,true,SYNTHETIC_ENGINEERING_FIXTURE
2025-04-29,bondi,Bondi,13,22.5,true,SYNTHETIC_ENGINEERING_FIXTURE
2025-04-29,coogee,Coogee,10,22.5,true,SYNTHETIC_ENGINEERING_FIXTURE
2025-04-29,cronulla,Cronulla,1,22.5,true,SYNTHETIC_ENGINEERING_FIXTURE
2025-04-29,balmoral,Balmoral,1,22.5,true,SYNTHETIC_ENGINEERING_FIXTURE
2025-04-30,palm-beach,Palm Beach,1,22.5,true,SYNTHETIC_ENGINEERING_FIXTURE
2025-04-30,north-steyne,North Steyne,1,22.5,true,SYNTHETIC_ENGINEERING_FIXTURE
2025-04-30,bondi,Bondi,13,22.5,true,SYNTHETIC_ENGINEERING_FIXTURE
2025-04-30,coogee,Coogee,21,22.5,true,SYNTHETIC_ENGINEERING_FIXTURE
2025-04-30,cronulla,Cronulla,17,22.5,true,SYNTHETIC_ENGINEERING_FIXTURE
2025-04-30,balmoral,Balmoral,11,22.5,true,SYNTHETIC_ENGINEERING_FIXTURE
2025-05-01,palm-beach,Palm Beach,6,22.5,true,SYNTHETIC_ENGINEERING_FIXTURE
2025-05-01,north-steyne,North Steyne,14,22.5,true,SYNTHETIC_ENGINEERING_FIXTURE
2025-05-01,bondi,Bondi,61,22.5,true,SYNTHETIC_ENGINEERING_FIXTURE
2025-05-01,coogee,Coogee,9,22.5,true,SYNTHETIC_ENGINEERING_FIXTURE
2025-05-01,cronulla,Cronulla,27,22.5,true,SYNTHETIC_ENGINEERING_FIXTURE
2025-05-01,balmoral,Balmoral,18,22.5,true,SYNTHETIC_ENGINEERING_FIXTURE
2025-05-02,palm-beach,Palm Beach,31,22.6,true,SYNTHETIC_ENGINEERING_FIXTURE
2025-05-02,north-steyne,North Steyne,11,22.6,true,SYNTHETIC_ENGINEERING_FIXTURE
2025-05-02,bondi,Bondi,11,22.6,true,SYNTHETIC_ENGINEERING_FIXTURE
2025-05-02,coogee,Coogee,23,22.6,true,SYNTHETIC_ENGINEERING_FIXTURE
2025-05-02,cronulla,Cronulla,5,22.6,true,SYNTHETIC_ENGINEERING_FIXTURE
2025-05-02,balmoral,Balmoral,8,22.6,true,SYNTHETIC_ENGINEERING_FIXTURE
2025-05-03,palm-beach,Palm Beach,14,22.6,true,SYNTHETIC_ENGINEERING_FIXTURE
2025-05-03,north-steyne,North Steyne,3,22.6,true,SYNTHETIC_ENGINEERING_FIXTURE
2025-05-03,bondi,Bondi,8,22.6,true,SYNTHETIC_ENGINEERING_FIXTURE
2025-05-03,coogee,Coogee,2,22.6,true,SYNTHETIC_ENGINEERING_FIXTURE
2025-05-03,cronulla,Cronulla,3,22.6,true,SYNTHETIC_ENGINEERING_FIXTURE
2025-05-03,balmoral,Balmoral,2,22.6,true,SYNTHETIC_ENGINEERING_FIXTURE
2025-05-04,palm-beach,Palm Beach,9,22.6,true,SYNTHETIC_ENGINEERING_FIXTURE
2025-05-04,north-steyne,North Steyne,3,22.6,true,SYNTHETIC_ENGINEERING_FIXTURE
2025-05-04,bondi,Bondi,3,22.6,true,SYNTHETIC_ENGINEERING_FIXTURE
2025-05-04,coogee,Coogee,5,22.6,true,SYNTHETIC_ENGINEERING_FIXTURE
2025-05-04,cronulla,Cronulla,9,22.6,true,SYNTHETIC_ENGINEERING_FIXTURE
2025-05-04,balmoral,Balmoral,3,22.6,true,SYNTHETIC_ENGINEERING_FIXTURE
2025-05-05,palm-beach,Palm Beach,9,22.6,true,SYNTHETIC_ENGINEERING_FIXTURE
2025-05-05,north-steyne,North Steyne,1,22.6,true,SYNTHETIC_ENGINEERING_FIXTURE
2025-05-05,bondi,Bondi,6,22.6,true,SYNTHETIC_ENGINEERING_FIXTURE
2025-05-05,coogee,Coogee,9,22.6,true,SYNTHETIC_ENGINEERING_FIXTURE
2025-05-05,cronulla,Cronulla,1,22.6,true,SYNTHETIC_ENGINEERING_FIXTURE
2025-05-05,balmoral,Balmoral,24,22.6,true,SYNTHETIC_ENGINEERING_FIXTURE
2025-05-06,palm-beach,Palm Beach,8,22.7,true,SYNTHETIC_ENGINEERING_FIXTURE
2025-05-06,north-steyne,North Steyne,39,22.7,true,SYNTHETIC_ENGINEERING_FIXTURE
2025-05-06,bondi,Bondi,13,22.7,true,SYNTHETIC_ENGINEERING_FIXTURE
2025-05-06,coogee,Coogee,15,22.7,true,SYNTHETIC_ENGINEERING_FIXTURE
2025-05-06,cronulla,Cronulla,16,22.7,true,SYNTHETIC_ENGINEERING_FIXTURE
2025-05-06,balmoral,Balmoral,14,22.7,true,SYNTHETIC_ENGINEERING_FIXTURE
2025-05-07,palm-beach,Palm Beach,7,22.7,true,SYNTHETIC_ENGINEERING_FIXTURE
2025-05-07,north-steyne,North Steyne,4,22.7,true,SYNTHETIC_ENGINEERING_FIXTURE
2025-05-07,bondi,Bondi,23,22.7,true,SYNTHETIC_ENGINEERING_FIXTURE
2025-05-07,coogee,Coogee,37,22.7,true,SYNTHETIC_ENGINEERING_FIXTURE
2025-05-07,cronulla,Cronulla,5,22.7,true,SYNTHETIC_ENGINEERING_FIXTURE
2025-05-07,balmoral,Balmoral,2,22.7,true,SYNTHETIC_ENGINEERING_FIXTURE
2025-05-08,palm-beach,Palm Beach,3,22.7,true,SYNTHETIC_ENGINEERING_FIXTURE
2025-05-08,north-steyne,North Steyne,4,22.7,true,SYNTHETIC_ENGINEERING_FIXTURE
2025-05-08,bondi,Bondi,17,22.7,true,SYNTHETIC_ENGINEERING_FIXTURE
2025-05-08,coogee,Coogee,10,22.7,true,SYNTHETIC_ENGINEERING_FIXTURE
2025-05-08,cronulla,Cronulla,6,22.7,true,SYNTHETIC_ENGINEERING_FIXTURE
2025-05-08,balmoral,Balmoral,34,22.7,true,SYNTHETIC_ENGINEERING_FIXTURE
2025-05-09,palm-beach,Palm Beach,15,22.7,true,SYNTHETIC_ENGINEERING_FIXTURE
2025-05-09,north-steyne,North Steyne,4,22.7,true,SYNTHETIC_ENGINEERING_FIXTURE
2025-05-09,bondi,Bondi,6,22.7,true,SYNTHETIC_ENGINEERING_FIXTURE
2025-05-09,coogee,Coogee,4,22.7,true,SYNTHETIC_ENGINEERING_FIXTURE
2025-05-09,cronulla,Cronulla,2,22.7,true,SYNTHETIC_ENGINEERING_FIXTURE
2025-05-09,balmoral,Balmoral,2,22.7,true,SYNTHETIC_ENGINEERING_FIXTURE
2025-05-10,palm-beach,Palm Beach,1,22.8,true,SYNTHETIC_ENGINEERING_FIXTURE
2025-05-10,north-steyne,North Steyne,2,22.8,true,SYNTHETIC_ENGINEERING_FIXTURE
2025-05-10,bondi,Bondi,3,22.8,true,SYNTHETIC_ENGINEERING_FIXTURE
2025-05-10,coogee,Coogee,15,22.8,true,SYNTHETIC_ENGINEERING_FIXTURE
2025-05-10,cronulla,Cronulla,3,22.8,true,SYNTHETIC_ENGINEERING_FIXTURE
2025-05-10,balmoral,Balmoral,4,22.8,true,SYNTHETIC_ENGINEERING_FIXTURE
2025-05-11,palm-beach,Palm Beach,13,22.8,true,SYNTHETIC_ENGINEERING_FIXTURE
2025-05-11,north-steyne,North Steyne,15,22.8,true,SYNTHETIC_ENGINEERING_FIXTURE
2025-05-11,bondi,Bondi,0,22.8,true,SYNTHETIC_ENGINEERING_FIXTURE
2025-05-11,coogee,Coogee,6,22.8,true,SYNTHETIC_ENGINEERING_FIXTURE
2025-05-11,cronulla,Cronulla,30,22.8,true,SYNTHETIC_ENGINEERING_FIXTURE
2025-05-11,balmoral,Balmoral,2,22.8,true,SYNTHETIC_ENGINEERING_FIXTURE
2025-05-12,palm-beach,Palm Beach,1,22.8,true,SYNTHETIC_ENGINEERING_FIXTURE
2025-05-12,north-steyne,North Steyne,10,22.8,true,SYNTHETIC_ENGINEERING_FIXTURE
2025-05-12,bondi,Bondi,29,22.8,true,SYNTHETIC_ENGINEERING_FIXTURE
2025-05-12,coogee,Coogee,2,22.8,true,SYNTHETIC_ENGINEERING_FIXTURE
2025-05-12,cronulla,Cronulla,8,22.8,true,SYNTHETIC_ENGINEERING_FIXTURE
2025-05-12,balmoral,Balmoral,30,22.8,true,SYNTHETIC_ENGINEERING_FIXTURE
2025-05-13,palm-beach,Palm Beach,3,22.8,true,SYNTHETIC_ENGINEERING_FIXTURE
2025-05-13,north-steyne,North Steyne,2,22.8,true,SYNTHETIC_ENGINEERING_FIXTURE
2025-05-13,bondi,Bondi,12,22.8,true,SYNTHETIC_ENGINEERING_FIXTURE
2025-05-13,coogee,Coogee,6,22.8,true,SYNTHETIC_ENGINEERING_FIXTURE
2025-05-13,cronulla,Cronulla,11,22.8,true,SYNTHETIC_ENGINEERING_FIXTURE
2025-05-13,balmoral,Balmoral,2,22.8,true,SYNTHETIC_ENGINEERING_FIXTURE
2025-05-14,palm-beach,Palm Beach,24,22.8,true,SYNTHETIC_ENGINEERING_FIXTURE
2025-05-14,north-steyne,North Steyne,4,22.8,true,SYNTHETIC_ENGINEERING_FIXTURE
2025-05-14,bondi,Bondi,47,22.8,true,SYNTHETIC_ENGINEERING_FIXTURE
2025-05-14,coogee,Coogee,23,22.8,true,SYNTHETIC_ENGINEERING_FIXTURE
2025-05-14,cronulla,Cronulla,13,22.8,true,SYNTHETIC_ENGINEERING_FIXTURE
2025-05-14,balmoral,Balmoral,9,22.8,true,SYNTHETIC_ENGINEERING_FIXTURE
2025-05-15,palm-beach,Palm Beach,22,22.9,true,SYNTHETIC_ENGINEERING_FIXTURE
2025-05-15,north-steyne,North Steyne,34,22.9,true,SYNTHETIC_ENGINEERING_FIXTURE
2025-05-15,bondi,Bondi,12,22.9,true,SYNTHETIC_ENGINEERING_FIXTURE
2025-05-15,coogee,Coogee,8,22.9,true,SYNTHETIC_ENGINEERING_FIXTURE
2025-05-15,cronulla,Cronulla,12,22.9,true,SYNTHETIC_ENGINEERING_FIXTURE
2025-05-15,balmoral,Balmoral,1,22.9,true,SYNTHETIC_ENGINEERING_FIXTURE
2025-05-16,palm-beach,Palm Beach,10,22.9,true,SYNTHETIC_ENGINEERING_FIXTURE
2025-05-16,north-steyne,North Steyne,0,22.9,true,SYNTHETIC_ENGINEERING_FIXTURE
2025-05-16,bondi,Bondi,3,22.9,true,SYNTHETIC_ENGINEERING_FIXTURE
2025-05-16,coogee,Coogee,34,22.9,true,SYNTHETIC_ENGINEERING_FIXTURE
2025-05-16,cronulla,Cronulla,21,22.9,true,SYNTHETIC_ENGINEERING_FIXTURE
2025-05-16,balmoral,Balmoral,2,22.9,true,SYNTHETIC_ENGINEERING_FIXTURE
2025-05-17,palm-beach,Palm Beach,0,22.9,true,SYNTHETIC_ENGINEERING_FIXTURE
2025-05-17,north-steyne,North Steyne,22,22.9,true,SYNTHETIC_ENGINEERING_FIXTURE
2025-05-17,bondi,Bondi,49,22.9,true,SYNTHETIC_ENGINEERING_FIXTURE
2025-05-17,coogee,Coogee,5,22.9,true,SYNTHETIC_ENGINEERING_FIXTURE
2025-05-17,cronulla,Cronulla,6,22.9,true,SYNTHETIC_ENGINEERING_FIXTURE
2025-05-17,balmoral,Balmoral,9,22.9,true,SYNTHETIC_ENGINEERING_FIXTURE
2025-05-18,palm-beach,Palm Beach,11,22.9,true,SYNTHETIC_ENGINEERING_FIXTURE
2025-05-18,north-steyne,North Steyne,2,22.9,true,SYNTHETIC_ENGINEERING_FIXTURE
2025-05-18,bondi,Bondi,7,22.9,true,SYNTHETIC_ENGINEERING_FIXTURE
2025-05-18,coogee,Coogee,31,22.9,true,SYNTHETIC_ENGINEERING_FIXTURE
2025-05-18,cronulla,Cronulla,0,22.9,true,SYNTHETIC_ENGINEERING_FIXTURE
2025-05-18,balmoral,Balmoral,12,22.9,true,SYNTHETIC_ENGINEERING_FIXTURE
2025-05-19,palm-beach,Palm Beach,3,22.9,true,SYNTHETIC_ENGINEERING_FIXTURE
2025-05-19,north-steyne,North Steyne,24,22.9,true,SYNTHETIC_ENGINEERING_FIXTURE
2025-05-19,bondi,Bondi,81,22.9,true,SYNTHETIC_ENGINEERING_FIXTURE
2025-05-19,coogee,Coogee,71,22.9,true,SYNTHETIC_ENGINEERING_FIXTURE
2025-05-19,cronulla,Cronulla,7,22.9,true,SYNTHETIC_ENGINEERING_FIXTURE
2025-05-19,balmoral,Balmoral,13,22.9,true,SYNTHETIC_ENGINEERING_FIXTURE
2025-05-20,palm-beach,Palm Beach,0,22.9,true,SYNTHETIC_ENGINEERING_FIXTURE
2025-05-20,north-steyne,North Steyne,21,22.9,true,SYNTHETIC_ENGINEERING_FIXTURE
2025-05-20,bondi,Bondi,10,22.9,true,SYNTHETIC_ENGINEERING_FIXTURE
2025-05-20,coogee,Coogee,13,22.9,true,SYNTHETIC_ENGINEERING_FIXTURE
2025-05-20,cronulla,Cronulla,50,22.9,true,SYNTHETIC_ENGINEERING_FIXTURE
2025-05-20,balmoral,Balmoral,2,22.9,true,SYNTHETIC_ENGINEERING_FIXTURE
2025-05-21,palm-beach,Palm Beach,11,22.9,true,SYNTHETIC_ENGINEERING_FIXTURE
2025-05-21,north-steyne,North Steyne,15,22.9,true,SYNTHETIC_ENGINEERING_FIXTURE
2025-05-21,bondi,Bondi,4,22.9,true,SYNTHETIC_ENGINEERING_FIXTURE
2025-05-21,coogee,Coogee,5,22.9,true,SYNTHETIC_ENGINEERING_FIXTURE
2025-05-21,cronulla,Cronulla,66,22.9,true,SYNTHETIC_ENGINEERING_FIXTURE
2025-05-21,balmoral,Balmoral,20,22.9,true,SYNTHETIC_ENGINEERING_FIXTURE
2025-05-22,palm-beach,Palm Beach,4,23.0,true,SYNTHETIC_ENGINEERING_FIXTURE
2025-05-22,north-steyne,North Steyne,12,23.0,true,SYNTHETIC_ENGINEERING_FIXTURE
2025-05-22,bondi,Bondi,1,23.0,true,SYNTHETIC_ENGINEERING_FIXTURE
2025-05-22,coogee,Coogee,67,23.0,true,SYNTHETIC_ENGINEERING_FIXTURE
2025-05-22,cronulla,Cronulla,5,23.0,true,SYNTHETIC_ENGINEERING_FIXTURE
2025-05-22,balmoral,Balmoral,12,23.0,true,SYNTHETIC_ENGINEERING_FIXTURE
2025-05-23,palm-beach,Palm Beach,8,23.0,true,SYNTHETIC_ENGINEERING_FIXTURE
2025-05-23,north-steyne,North Steyne,3,23.0,true,SYNTHETIC_ENGINEERING_FIXTURE
2025-05-23,bondi,Bondi,11,23.0,true,SYNTHETIC_ENGINEERING_FIXTURE
2025-05-23,coogee,Coogee,17,23.0,true,SYNTHETIC_ENGINEERING_FIXTURE
2025-05-23,cronulla,Cronulla,9,23.0,true,SYNTHETIC_ENGINEERING_FIXTURE
2025-05-23,balmoral,Balmoral,1,23.0,true,SYNTHETIC_ENGINEERING_FIXTURE
2025-05-24,palm-beach,Palm Beach,11,23.0,true,SYNTHETIC_ENGINEERING_FIXTURE
2025-05-24,north-steyne,North Steyne,6,23.0,true,SYNTHETIC_ENGINEERING_FIXTURE
2025-05-24,bondi,Bondi,4,23.0,true,SYNTHETIC_ENGINEERING_FIXTURE
2025-05-24,coogee,Coogee,2,23.0,true,SYNTHETIC_ENGINEERING_FIXTURE
2025-05-24,cronulla,Cronulla,6,23.0,true,SYNTHETIC_ENGINEERING_FIXTURE
2025-05-24,balmoral,Balmoral,13,23.0,true,SYNTHETIC_ENGINEERING_FIXTURE
2025-05-25,palm-beach,Palm Beach,23,23.0,true,SYNTHETIC_ENGINEERING_FIXTURE
2025-05-25,north-steyne,North Steyne,9,23.0,true,SYNTHETIC_ENGINEERING_FIXTURE
2025-05-25,bondi,Bondi,16,23.0,true,SYNTHETIC_ENGINEERING_FIXTURE
2025-05-25,coogee,Coogee,40,23.0,true,SYNTHETIC_ENGINEERING_FIXTURE
2025-05-25,cronulla,Cronulla,0,23.0,true,SYNTHETIC_ENGINEERING_FIXTURE
2025-05-25,balmoral,Balmoral,12,23.0,true,SYNTHETIC_ENGINEERING_FIXTURE
2025-05-26,palm-beach,Palm Beach,5,23.0,true,SYNTHETIC_ENGINEERING_FIXTURE
2025-05-26,north-steyne,North Steyne,5,23.0,true,SYNTHETIC_ENGINEERING_FIXTURE
2025-05-26,bondi,Bondi,2,23.0,true,SYNTHETIC_ENGINEERING_FIXTURE
2025-05-26,coogee,Coogee,13,23.0,true,SYNTHETIC_ENGINEERING_FIXTURE
2025-05-26,cronulla,Cronulla,12,23.0,true,SYNTHETIC_ENGINEERING_FIXTURE
2025-05-26,balmoral,Balmoral,8,23.0,true,SYNTHETIC_ENGINEERING_FIXTURE
2025-05-27,palm-beach,Palm Beach,31,23.0,true,SYNTHETIC_ENGINEERING_FIXTURE
2025-05-27,north-steyne,North Steyne,5,23.0,true,SYNTHETIC_ENGINEERING_FIXTURE
2025-05-27,bondi,Bondi,24,23.0,true,SYNTHETIC_ENGINEERING_FIXTURE
2025-05-27,coogee,Coogee,31,23.0,true,SYNTHETIC_ENGINEERING_FIXTURE
2025-05-27,cronulla,Cronulla,3,23.0,true,SYNTHETIC_ENGINEERING_FIXTURE
2025-05-27,balmoral,Balmoral,2,23.0,true,SYNTHETIC_ENGINEERING_FIXTURE
2025-05-28,palm-beach,Palm Beach,0,23.0,true,SYNTHETIC_ENGINEERING_FIXTURE
2025-05-28,north-steyne,North Steyne,15,23.0,true,SYNTHETIC_ENGINEERING_FIXTURE
2025-05-28,bondi,Bondi,2,23.0,true,SYNTHETIC_ENGINEERING_FIXTURE
2025-05-28,coogee,Coogee,32,23.0,true,SYNTHETIC_ENGINEERING_FIXTURE
2025-05-28,cronulla,Cronulla,3,23.0,true,SYNTHETIC_ENGINEERING_FIXTURE
2025-05-28,balmoral,Balmoral,31,23.0,true,SYNTHETIC_ENGINEERING_FIXTURE
2025-05-29,palm-beach,Palm Beach,3,23.0,true,SYNTHETIC_ENGINEERING_FIXTURE
2025-05-29,north-steyne,North Steyne,20,23.0,true,SYNTHETIC_ENGINEERING_FIXTURE
2025-05-29,bondi,Bondi,2,23.0,true,SYNTHETIC_ENGINEERING_FIXTURE
2025-05-29,coogee,Coogee,1,23.0,true,SYNTHETIC_ENGINEERING_FIXTURE
2025-05-29,cronulla,Cronulla,2,23.0,true,SYNTHETIC_ENGINEERING_FIXTURE
2025-05-29,balmoral,Balmoral,7,23.0,true,SYNTHETIC_ENGINEERING_FIXTURE
2025-05-30,palm-beach,Palm Beach,10,23.0,true,SYNTHETIC_ENGINEERING_FIXTURE
2025-05-30,north-steyne,North Steyne,28,23.0,true,SYNTHETIC_ENGINEERING_FIXTURE
2025-05-30,bondi,Bondi,10,23.0,true,SYNTHETIC_ENGINEERING_FIXTURE
2025-05-30,coogee,Coogee,12,23.0,true,SYNTHETIC_ENGINEERING_FIXTURE
2025-05-30,cronulla,Cronulla,7,23.0,true,SYNTHETIC_ENGINEERING_FIXTURE
2025-05-30,balmoral,Balmoral,7,23.0,true,SYNTHETIC_ENGINEERING_FIXTURE
2025-05-31,palm-beach,Palm Beach,5,23.0,true,SYNTHETIC_ENGINEERING_FIXTURE
2025-05-31,north-steyne,North Steyne,24,23.0,true,SYNTHETIC_ENGINEERING_FIXTURE
2025-05-31,bondi,Bondi,5,23.0,true,SYNTHETIC_ENGINEERING_FIXTURE
2025-05-31,coogee,Coogee,10,23.0,true,SYNTHETIC_ENGINEERING_FIXTURE
2025-05-31,cronulla,Cronulla,11,23.0,true,SYNTHETIC_ENGINEERING_FIXTURE
2025-05-31,balmoral,Balmoral,6,23.0,true,SYNTHETIC_ENGINEERING_FIXTURE
2025-06-01,palm-beach,Palm Beach,24,23.0,true,SYNTHETIC_ENGINEERING_FIXTURE
2025-06-01,north-steyne,North Steyne,9,23.0,true,SYNTHETIC_ENGINEERING_FIXTURE
2025-06-01,bondi,Bondi,1,23.0,true,SYNTHETIC_ENGINEERING_FIXTURE
2025-06-01,coogee,Coogee,6,23.0,true,SYNTHETIC_ENGINEERING_FIXTURE
2025-06-01,cronulla,Cronulla,29,23.0,true,SYNTHETIC_ENGINEERING_FIXTURE
2025-06-01,balmoral,Balmoral,31,23.0,true,SYNTHETIC_ENGINEERING_FIXTURE
2025-06-02,palm-beach,Palm Beach,2,23.0,true,SYNTHETIC_ENGINEERING_FIXTURE
2025-06-02,north-steyne,North Steyne,12,23.0,true,SYNTHETIC_ENGINEERING_FIXTURE
2025-06-02,bondi,Bondi,7,23.0,true,SYNTHETIC_ENGINEERING_FIXTURE
2025-06-02,coogee,Coogee,6,23.0,true,SYNTHETIC_ENGINEERING_FIXTURE
2025-06-02,cronulla,Cronulla,15,23.0,true,SYNTHETIC_ENGINEERING_FIXTURE
2025-06-02,balmoral,Balmoral,3,23.0,true,SYNTHETIC_ENGINEERING_FIXTURE
2025-06-03,palm-beach,Palm Beach,2,23.0,true,SYNTHETIC_ENGINEERING_FIXTURE
2025-06-03,north-steyne,North Steyne,6,23.0,true,SYNTHETIC_ENGINEERING_FIXTURE
2025-06-03,bondi,Bondi,8,23.0,true,SYNTHETIC_ENGINEERING_FIXTURE
2025-06-03,coogee,Coogee,17,23.0,true,SYNTHETIC_ENGINEERING_FIXTURE
2025-06-03,cronulla,Cronulla,4,23.0,true,SYNTHETIC_ENGINEERING_FIXTURE
2025-06-03,balmoral,Balmoral,23,23.0,true,SYNTHETIC_ENGINEERING_FIXTURE
2025-06-04,palm-beach,Palm Beach,14,23.0,true,SYNTHETIC_ENGINEERING_FIXTURE
2025-06-04,north-steyne,North Steyne,3,23.0,true,SYNTHETIC_ENGINEERING_FIXTURE
2025-06-04,bondi,Bondi,8,23.0,true,SYNTHETIC_ENGINEERING_FIXTURE
2025-06-04,coogee,Coogee,11,23.0,true,SYNTHETIC_ENGINEERING_FIXTURE
2025-06-04,cronulla,Cronulla,16,23.0,true,SYNTHETIC_ENGINEERING_FIXTURE
2025-06-04,balmoral,Balmoral,3,23.0,true,SYNTHETIC_ENGINEERING_FIXTURE
2025-06-05,palm-beach,Palm Beach,29,23.0,true,SYNTHETIC_ENGINEERING_FIXTURE
2025-06-05,north-steyne,North Steyne,33,23.0,true,SYNTHETIC_ENGINEERING_FIXTURE
2025-06-05,bondi,Bondi,25,23.0,true,SYNTHETIC_ENGINEERING_FIXTURE
2025-06-05,coogee,Coogee,14,23.0,true,SYNTHETIC_ENGINEERING_FIXTURE
2025-06-05,cronulla,Cronulla,25,23.0,true,SYNTHETIC_ENGINEERING_FIXTURE
2025-06-05,balmoral,Balmoral,2,23.0,true,SYNTHETIC_ENGINEERING_FIXTURE
2025-06-06,palm-beach,Palm Beach,0,23.0,true,SYNTHETIC_ENGINEERING_FIXTURE
2025-06-06,north-steyne,North Steyne,37,23.0,true,SYNTHETIC_ENGINEERING_FIXTURE
2025-06-06,bondi,Bondi,63,23.0,true,SYNTHETIC_ENGINEERING_FIXTURE
2025-06-06,coogee,Coogee,27,23.0,true,SYNTHETIC_ENGINEERING_FIXTURE
2025-06-06,cronulla,Cronulla,10,23.0,true,SYNTHETIC_ENGINEERING_FIXTURE
2025-06-06,balmoral,Balmoral,6,23.0,true,SYNTHETIC_ENGINEERING_FIXTURE
2025-06-07,palm-beach,Palm Beach,6,23.0,true,SYNTHETIC_ENGINEERING_FIXTURE
2025-06-07,north-steyne,North Steyne,50,23.0,true,SYNTHETIC_ENGINEERING_FIXTURE
2025-06-07,bondi,Bondi,9,23.0,true,SYNTHETIC_ENGINEERING_FIXTURE
2025-06-07,coogee,Coogee,4,23.0,true,SYNTHETIC_ENGINEERING_FIXTURE
2025-06-07,cronulla,Cronulla,28,23.0,true,SYNTHETIC_ENGINEERING_FIXTURE
2025-06-07,balmoral,Balmoral,13,23.0,true,SYNTHETIC_ENGINEERING_FIXTURE
2025-06-08,palm-beach,Palm Beach,4,23.0,true,SYNTHETIC_ENGINEERING_FIXTURE
2025-06-08,north-steyne,North Steyne,63,23.0,true,SYNTHETIC_ENGINEERING_FIXTURE
2025-06-08,bondi,Bondi,7,23.0,true,SYNTHETIC_ENGINEERING_FIXTURE
2025-06-08,coogee,Coogee,3,23.0,true,SYNTHETIC_ENGINEERING_FIXTURE
2025-06-08,cronulla,Cronulla,5,23.0,true,SYNTHETIC_ENGINEERING_FIXTURE
2025-06-08,balmoral,Balmoral,6,23.0,true,SYNTHETIC_ENGINEERING_FIXTURE
2025-06-09,palm-beach,Palm Beach,2,23.0,true,SYNTHETIC_ENGINEERING_FIXTURE
2025-06-09,north-steyne,North Steyne,3,23.0,true,SYNTHETIC_ENGINEERING_FIXTURE
2025-06-09,bondi,Bondi,5,23.0,true,SYNTHETIC_ENGINEERING_FIXTURE
2025-06-09,coogee,Coogee,6,23.0,true,SYNTHETIC_ENGINEERING_FIXTURE
2025-06-09,cronulla,Cronulla,11,23.0,true,SYNTHETIC_ENGINEERING_FIXTURE
2025-06-09,balmoral,Balmoral,13,23.0,true,SYNTHETIC_ENGINEERING_FIXTURE
2025-06-10,palm-beach,Palm Beach,0,23.0,true,SYNTHETIC_ENGINEERING_FIXTURE
2025-06-10,north-steyne,North Steyne,1,23.0,true,SYNTHETIC_ENGINEERING_FIXTURE
2025-06-10,bondi,Bondi,11,23.0,true,SYNTHETIC_ENGINEERING_FIXTURE
2025-06-10,coogee,Coogee,28,23.0,true,SYNTHETIC_ENGINEERING_FIXTURE
2025-06-10,cronulla,Cronulla,10,23.0,true,SYNTHETIC_ENGINEERING_FIXTURE
2025-06-10,balmoral,Balmoral,2,23.0,true,SYNTHETIC_ENGINEERING_FIXTURE
2025-06-11,palm-beach,Palm Beach,17,22.9,true,SYNTHETIC_ENGINEERING_FIXTURE
2025-06-11,north-steyne,North Steyne,20,22.9,true,SYNTHETIC_ENGINEERING_FIXTURE
2025-06-11,bondi,Bondi,0,22.9,true,SYNTHETIC_ENGINEERING_FIXTURE
2025-06-11,coogee,Coogee,120,22.9,true,SYNTHETIC_ENGINEERING_FIXTURE
2025-06-11,cronulla,Cronulla,1,22.9,true,SYNTHETIC_ENGINEERING_FIXTURE
2025-06-11,balmoral,Balmoral,3,22.9,true,SYNTHETIC_ENGINEERING_FIXTURE
2025-06-12,palm-beach,Palm Beach,11,22.9,true,SYNTHETIC_ENGINEERING_FIXTURE
2025-06-12,north-steyne,North Steyne,11,22.9,true,SYNTHETIC_ENGINEERING_FIXTURE
2025-06-12,bondi,Bondi,8,22.9,true,SYNTHETIC_ENGINEERING_FIXTURE
2025-06-12,coogee,Coogee,6,22.9,true,SYNTHETIC_ENGINEERING_FIXTURE
2025-06-12,cronulla,Cronulla,3,22.9,true,SYNTHETIC_ENGINEERING_FIXTURE
2025-06-12,balmoral,Balmoral,6,22.9,true,SYNTHETIC_ENGINEERING_FIXTURE
2025-06-13,palm-beach,Palm Beach,11,22.9,true,SYNTHETIC_ENGINEERING_FIXTURE
2025-06-13,north-steyne,North Steyne,3,22.9,true,SYNTHETIC_ENGINEERING_FIXTURE
2025-06-13,bondi,Bondi,25,22.9,true,SYNTHETIC_ENGINEERING_FIXTURE
2025-06-13,coogee,Coogee,6,22.9,true,SYNTHETIC_ENGINEERING_FIXTURE
2025-06-13,cronulla,Cronulla,3,22.9,true,SYNTHETIC_ENGINEERING_FIXTURE
2025-06-13,balmoral,Balmoral,6,22.9,true,SYNTHETIC_ENGINEERING_FIXTURE
2025-06-14,palm-beach,Palm Beach,13,22.9,true,SYNTHETIC_ENGINEERING_FIXTURE
2025-06-14,north-steyne,North Steyne,26,22.9,true,SYNTHETIC_ENGINEERING_FIXTURE
2025-06-14,bondi,Bondi,3,22.9,true,SYNTHETIC_ENGINEERING_FIXTURE
2025-06-14,coogee,Coogee,12,22.9,true,SYNTHETIC_ENGINEERING_FIXTURE
2025-06-14,cronulla,Cronulla,28,22.9,true,SYNTHETIC_ENGINEERING_FIXTURE
2025-06-14,balmoral,Balmoral,4,22.9,true,SYNTHETIC_ENGINEERING_FIXTURE
2025-06-15,palm-beach,Palm Beach,4,22.9,true,SYNTHETIC_ENGINEERING_FIXTURE
2025-06-15,north-steyne,North Steyne,10,22.9,true,SYNTHETIC_ENGINEERING_FIXTURE
2025-06-15,bondi,Bondi,28,22.9,true,SYNTHETIC_ENGINEERING_FIXTURE
2025-06-15,coogee,Coogee,7,22.9,true,SYNTHETIC_ENGINEERING_FIXTURE
2025-06-15,cronulla,Cronulla,5,22.9,true,SYNTHETIC_ENGINEERING_FIXTURE
2025-06-15,balmoral,Balmoral,21,22.9,true,SYNTHETIC_ENGINEERING_FIXTURE
2025-06-16,palm-beach,Palm Beach,26,22.9,true,SYNTHETIC_ENGINEERING_FIXTURE
2025-06-16,north-steyne,North Steyne,8,22.9,true,SYNTHETIC_ENGINEERING_FIXTURE
2025-06-16,bondi,Bondi,10,22.9,true,SYNTHETIC_ENGINEERING_FIXTURE
2025-06-16,coogee,Coogee,8,22.9,true,SYNTHETIC_ENGINEERING_FIXTURE
2025-06-16,cronulla,Cronulla,4,22.9,true,SYNTHETIC_ENGINEERING_FIXTURE
2025-06-16,balmoral,Balmoral,12,22.9,true,SYNTHETIC_ENGINEERING_FIXTURE
2025-06-17,palm-beach,Palm Beach,4,22.9,true,SYNTHETIC_ENGINEERING_FIXTURE
2025-06-17,north-steyne,North Steyne,4,22.9,true,SYNTHETIC_ENGINEERING_FIXTURE
2025-06-17,bondi,Bondi,19,22.9,true,SYNTHETIC_ENGINEERING_FIXTURE
2025-06-17,coogee,Coogee,9,22.9,true,SYNTHETIC_ENGINEERING_FIXTURE
2025-06-17,cronulla,Cronulla,5,22.9,true,SYNTHETIC_ENGINEERING_FIXTURE
2025-06-17,balmoral,Balmoral,1,22.9,true,SYNTHETIC_ENGINEERING_FIXTURE
2025-06-18,palm-beach,Palm Beach,9,22.8,true,SYNTHETIC_ENGINEERING_FIXTURE
2025-06-18,north-steyne,North Steyne,82,22.8,true,SYNTHETIC_ENGINEERING_FIXTURE
2025-06-18,bondi,Bondi,9,22.8,true,SYNTHETIC_ENGINEERING_FIXTURE
2025-06-18,coogee,Coogee,7,22.8,true,SYNTHETIC_ENGINEERING_FIXTURE
2025-06-18,cronulla,Cronulla,5,22.8,true,SYNTHETIC_ENGINEERING_FIXTURE
2025-06-18,balmoral,Balmoral,10,22.8,true,SYNTHETIC_ENGINEERING_FIXTURE
2025-06-19,palm-beach,Palm Beach,2,22.8,true,SYNTHETIC_ENGINEERING_FIXTURE
2025-06-19,north-steyne,North Steyne,13,22.8,true,SYNTHETIC_ENGINEERING_FIXTURE
2025-06-19,bondi,Bondi,2,22.8,true,SYNTHETIC_ENGINEERING_FIXTURE
2025-06-19,coogee,Coogee,35,22.8,true,SYNTHETIC_ENGINEERING_FIXTURE
2025-06-19,cronulla,Cronulla,16,22.8,true,SYNTHETIC_ENGINEERING_FIXTURE
2025-06-19,balmoral,Balmoral,5,22.8,true,SYNTHETIC_ENGINEERING_FIXTURE
2025-06-20,palm-beach,Palm Beach,5,22.8,true,SYNTHETIC_ENGINEERING_FIXTURE
2025-06-20,north-steyne,North Steyne,17,22.8,true,SYNTHETIC_ENGINEERING_FIXTURE
2025-06-20,bondi,Bondi,5,22.8,true,SYNTHETIC_ENGINEERING_FIXTURE
2025-06-20,coogee,Coogee,11,22.8,true,SYNTHETIC_ENGINEERING_FIXTURE
2025-06-20,cronulla,Cronulla,5,22.8,true,SYNTHETIC_ENGINEERING_FIXTURE
2025-06-20,balmoral,Balmoral,8,22.8,true,SYNTHETIC_ENGINEERING_FIXTURE
2025-06-21,palm-beach,Palm Beach,7,22.8,true,SYNTHETIC_ENGINEERING_FIXTURE
2025-06-21,north-steyne,North Steyne,16,22.8,true,SYNTHETIC_ENGINEERING_FIXTURE
2025-06-21,bondi,Bondi,4,22.8,true,SYNTHETIC_ENGINEERING_FIXTURE
2025-06-21,coogee,Coogee,21,22.8,true,SYNTHETIC_ENGINEERING_FIXTURE
2025-06-21,cronulla,Cronulla,26,22.8,true,SYNTHETIC_ENGINEERING_FIXTURE
2025-06-21,balmoral,Balmoral,2,22.8,true,SYNTHETIC_ENGINEERING_FIXTURE
2025-06-22,palm-beach,Palm Beach,62,22.8,true,SYNTHETIC_ENGINEERING_FIXTURE
2025-06-22,north-steyne,North Steyne,8,22.8,true,SYNTHETIC_ENGINEERING_FIXTURE
2025-06-22,bondi,Bondi,4,22.8,true,SYNTHETIC_ENGINEERING_FIXTURE
2025-06-22,coogee,Coogee,5,22.8,true,SYNTHETIC_ENGINEERING_FIXTURE
2025-06-22,cronulla,Cronulla,9,22.8,true,SYNTHETIC_ENGINEERING_FIXTURE
2025-06-22,balmoral,Balmoral,8,22.8,true,SYNTHETIC_ENGINEERING_FIXTURE
2025-06-23,palm-beach,Palm Beach,3,22.7,true,SYNTHETIC_ENGINEERING_FIXTURE
2025-06-23,north-steyne,North Steyne,7,22.7,true,SYNTHETIC_ENGINEERING_FIXTURE
2025-06-23,bondi,Bondi,2,22.7,true,SYNTHETIC_ENGINEERING_FIXTURE
2025-06-23,coogee,Coogee,4,22.7,true,SYNTHETIC_ENGINEERING_FIXTURE
2025-06-23,cronulla,Cronulla,33,22.7,true,SYNTHETIC_ENGINEERING_FIXTURE
2025-06-23,balmoral,Balmoral,6,22.7,true,SYNTHETIC_ENGINEERING_FIXTURE
2025-06-24,palm-beach,Palm Beach,21,22.7,true,SYNTHETIC_ENGINEERING_FIXTURE
2025-06-24,north-steyne,North Steyne,3,22.7,true,SYNTHETIC_ENGINEERING_FIXTURE
2025-06-24,bondi,Bondi,7,22.7,true,SYNTHETIC_ENGINEERING_FIXTURE
2025-06-24,coogee,Coogee,10,22.7,true,SYNTHETIC_ENGINEERING_FIXTURE
2025-06-24,cronulla,Cronulla,7,22.7,true,SYNTHETIC_ENGINEERING_FIXTURE
2025-06-24,balmoral,Balmoral,2,22.7,true,SYNTHETIC_ENGINEERING_FIXTURE
2025-06-25,palm-beach,Palm Beach,4,22.7,true,SYNTHETIC_ENGINEERING_FIXTURE
2025-06-25,north-steyne,North Steyne,9,22.7,true,SYNTHETIC_ENGINEERING_FIXTURE
2025-06-25,bondi,Bondi,49,22.7,true,SYNTHETIC_ENGINEERING_FIXTURE
2025-06-25,coogee,Coogee,5,22.7,true,SYNTHETIC_ENGINEERING_FIXTURE
2025-06-25,cronulla,Cronulla,11,22.7,true,SYNTHETIC_ENGINEERING_FIXTURE
2025-06-25,balmoral,Balmoral,3,22.7,true,SYNTHETIC_ENGINEERING_FIXTURE
2025-06-26,palm-beach,Palm Beach,4,22.7,true,SYNTHETIC_ENGINEERING_FIXTURE
2025-06-26,north-steyne,North Steyne,2,22.7,true,SYNTHETIC_ENGINEERING_FIXTURE
2025-06-26,bondi,Bondi,9,22.7,true,SYNTHETIC_ENGINEERING_FIXTURE
2025-06-26,coogee,Coogee,7,22.7,true,SYNTHETIC_ENGINEERING_FIXTURE
2025-06-26,cronulla,Cronulla,11,22.7,true,SYNTHETIC_ENGINEERING_FIXTURE
2025-06-26,balmoral,Balmoral,10,22.7,true,SYNTHETIC_ENGINEERING_FIXTURE
2025-06-27,palm-beach,Palm Beach,6,22.6,true,SYNTHETIC_ENGINEERING_FIXTURE
2025-06-27,north-steyne,North Steyne,1,22.6,true,SYNTHETIC_ENGINEERING_FIXTURE
2025-06-27,bondi,Bondi,17,22.6,true,SYNTHETIC_ENGINEERING_FIXTURE
2025-06-27,coogee,Coogee,5,22.6,true,SYNTHETIC_ENGINEERING_FIXTURE
2025-06-27,cronulla,Cronulla,13,22.6,true,SYNTHETIC_ENGINEERING_FIXTURE
2025-06-27,balmoral,Balmoral,6,22.6,true,SYNTHETIC_ENGINEERING_FIXTURE
2025-06-28,palm-beach,Palm Beach,10,22.6,true,SYNTHETIC_ENGINEERING_FIXTURE
2025-06-28,north-steyne,North Steyne,5,22.6,true,SYNTHETIC_ENGINEERING_FIXTURE
2025-06-28,bondi,Bondi,2,22.6,true,SYNTHETIC_ENGINEERING_FIXTURE
2025-06-28,coogee,Coogee,27,22.6,true,SYNTHETIC_ENGINEERING_FIXTURE
2025-06-28,cronulla,Cronulla,9,22.6,true,SYNTHETIC_ENGINEERING_FIXTURE
2025-06-28,balmoral,Balmoral,3,22.6,true,SYNTHETIC_ENGINEERING_FIXTURE
2025-06-29,palm-beach,Palm Beach,1,22.6,true,SYNTHETIC_ENGINEERING_FIXTURE
2025-06-29,north-steyne,North Steyne,18,22.6,true,SYNTHETIC_ENGINEERING_FIXTURE
2025-06-29,bondi,Bondi,35,22.6,true,SYNTHETIC_ENGINEERING_FIXTURE
2025-06-29,coogee,Coogee,7,22.6,true,SYNTHETIC_ENGINEERING_FIXTURE
2025-06-29,cronulla,Cronulla,79,22.6,true,SYNTHETIC_ENGINEERING_FIXTURE
2025-06-29,balmoral,Balmoral,3,22.6,true,SYNTHETIC_ENGINEERING_FIXTURE
2025-06-30,palm-beach,Palm Beach,6,22.6,true,SYNTHETIC_ENGINEERING_FIXTURE
2025-06-30,north-steyne,North Steyne,4,22.6,true,SYNTHETIC_ENGINEERING_FIXTURE
2025-06-30,bondi,Bondi,23,22.6,true,SYNTHETIC_ENGINEERING_FIXTURE
2025-06-30,coogee,Coogee,1,22.6,true,SYNTHETIC_ENGINEERING_FIXTURE
2025-06-30,cronulla,Cronulla,3,22.6,true,SYNTHETIC_ENGINEERING_FIXTURE
2025-06-30,balmoral,Balmoral,4,22.6,true,SYNTHETIC_ENGINEERING_FIXTURE
2025-07-01,palm-beach,Palm Beach,5,22.5,true,SYNTHETIC_ENGINEERING_FIXTURE
2025-07-01,north-steyne,North Steyne,44,22.5,true,SYNTHETIC_ENGINEERING_FIXTURE
2025-07-01,bondi,Bondi,29,22.5,true,SYNTHETIC_ENGINEERING_FIXTURE
2025-07-01,coogee,Coogee,33,22.5,true,SYNTHETIC_ENGINEERING_FIXTURE
2025-07-01,cronulla,Cronulla,7,22.5,true,SYNTHETIC_ENGINEERING_FIXTURE
2025-07-01,balmoral,Balmoral,4,22.5,true,SYNTHETIC_ENGINEERING_FIXTURE
2025-07-02,palm-beach,Palm Beach,8,22.5,true,SYNTHETIC_ENGINEERING_FIXTURE
2025-07-02,north-steyne,North Steyne,15,22.5,true,SYNTHETIC_ENGINEERING_FIXTURE
2025-07-02,bondi,Bondi,6,22.5,true,SYNTHETIC_ENGINEERING_FIXTURE
2025-07-02,coogee,Coogee,6,22.5,true,SYNTHETIC_ENGINEERING_FIXTURE
2025-07-02,cronulla,Cronulla,9,22.5,true,SYNTHETIC_ENGINEERING_FIXTURE
2025-07-02,balmoral,Balmoral,7,22.5,true,SYNTHETIC_ENGINEERING_FIXTURE
2025-07-03,palm-beach,Palm Beach,9,22.5,true,SYNTHETIC_ENGINEERING_FIXTURE
2025-07-03,north-steyne,North Steyne,11,22.5,true,SYNTHETIC_ENGINEERING_FIXTURE
2025-07-03,bondi,Bondi,3,22.5,true,SYNTHETIC_ENGINEERING_FIXTURE
2025-07-03,coogee,Coogee,10,22.5,true,SYNTHETIC_ENGINEERING_FIXTURE
2025-07-03,cronulla,Cronulla,5,22.5,true,SYNTHETIC_ENGINEERING_FIXTURE
2025-07-03,balmoral,Balmoral,26,22.5,true,SYNTHETIC_ENGINEERING_FIXTURE
2025-07-04,palm-beach,Palm Beach,8,22.4,true,SYNTHETIC_ENGINEERING_FIXTURE
2025-07-04,north-steyne,North Steyne,1,22.4,true,SYNTHETIC_ENGINEERING_FIXTURE
2025-07-04,bondi,Bondi,4,22.4,true,SYNTHETIC_ENGINEERING_FIXTURE
2025-07-04,coogee,Coogee,3,22.4,true,SYNTHETIC_ENGINEERING_FIXTURE
2025-07-04,cronulla,Cronulla,3,22.4,true,SYNTHETIC_ENGINEERING_FIXTURE
2025-07-04,balmoral,Balmoral,8,22.4,true,SYNTHETIC_ENGINEERING_FIXTURE
2025-07-05,palm-beach,Palm Beach,17,22.4,true,SYNTHETIC_ENGINEERING_FIXTURE
2025-07-05,north-steyne,North Steyne,2,22.4,true,SYNTHETIC_ENGINEERING_FIXTURE
2025-07-05,bondi,Bondi,3,22.4,true,SYNTHETIC_ENGINEERING_FIXTURE
2025-07-05,coogee,Coogee,3,22.4,true,SYNTHETIC_ENGINEERING_FIXTURE
2025-07-05,cronulla,Cronulla,13,22.4,true,SYNTHETIC_ENGINEERING_FIXTURE
2025-07-05,balmoral,Balmoral,60,22.4,true,SYNTHETIC_ENGINEERING_FIXTURE
2025-07-06,palm-beach,Palm Beach,10,22.4,true,SYNTHETIC_ENGINEERING_FIXTURE
2025-07-06,north-steyne,North Steyne,16,22.4,true,SYNTHETIC_ENGINEERING_FIXTURE
2025-07-06,bondi,Bondi,12,22.4,true,SYNTHETIC_ENGINEERING_FIXTURE
2025-07-06,coogee,Coogee,7,22.4,true,SYNTHETIC_ENGINEERING_FIXTURE
2025-07-06,cronulla,Cronulla,34,22.4,true,SYNTHETIC_ENGINEERING_FIXTURE
2025-07-06,balmoral,Balmoral,1,22.4,true,SYNTHETIC_ENGINEERING_FIXTURE
2025-07-07,palm-beach,Palm Beach,2,22.3,true,SYNTHETIC_ENGINEERING_FIXTURE
2025-07-07,north-steyne,North Steyne,10,22.3,true,SYNTHETIC_ENGINEERING_FIXTURE
2025-07-07,bondi,Bondi,5,22.3,true,SYNTHETIC_ENGINEERING_FIXTURE
2025-07-07,coogee,Coogee,2,22.3,true,SYNTHETIC_ENGINEERING_FIXTURE
2025-07-07,cronulla,Cronulla,2,22.3,true,SYNTHETIC_ENGINEERING_FIXTURE
2025-07-07,balmoral,Balmoral,1,22.3,true,SYNTHETIC_ENGINEERING_FIXTURE
2025-07-08,palm-beach,Palm Beach,6,22.3,true,SYNTHETIC_ENGINEERING_FIXTURE
2025-07-08,north-steyne,North Steyne,4,22.3,true,SYNTHETIC_ENGINEERING_FIXTURE
2025-07-08,bondi,Bondi,2,22.3,true,SYNTHETIC_ENGINEERING_FIXTURE
2025-07-08,coogee,Coogee,14,22.3,true,SYNTHETIC_ENGINEERING_FIXTURE
2025-07-08,cronulla,Cronulla,16,22.3,true,SYNTHETIC_ENGINEERING_FIXTURE
2025-07-08,balmoral,Balmoral,6,22.3,true,SYNTHETIC_ENGINEERING_FIXTURE
2025-07-09,palm-beach,Palm Beach,3,22.2,true,SYNTHETIC_ENGINEERING_FIXTURE
2025-07-09,north-steyne,North Steyne,6,22.2,true,SYNTHETIC_ENGINEERING_FIXTURE
2025-07-09,bondi,Bondi,4,22.2,true,SYNTHETIC_ENGINEERING_FIXTURE
2025-07-09,coogee,Coogee,47,22.2,true,SYNTHETIC_ENGINEERING_FIXTURE
2025-07-09,cronulla,Cronulla,2,22.2,true,SYNTHETIC_ENGINEERING_FIXTURE
2025-07-09,balmoral,Balmoral,7,22.2,true,SYNTHETIC_ENGINEERING_FIXTURE
2025-07-10,palm-beach,Palm Beach,4,22.2,true,SYNTHETIC_ENGINEERING_FIXTURE
2025-07-10,north-steyne,North Steyne,6,22.2,true,SYNTHETIC_ENGINEERING_FIXTURE
2025-07-10,bondi,Bondi,4,22.2,true,SYNTHETIC_ENGINEERING_FIXTURE
2025-07-10,coogee,Coogee,20,22.2,true,SYNTHETIC_ENGINEERING_FIXTURE
2025-07-10,cronulla,Cronulla,1,22.2,true,SYNTHETIC_ENGINEERING_FIXTURE
2025-07-10,balmoral,Balmoral,5,22.2,true,SYNTHETIC_ENGINEERING_FIXTURE
2025-07-11,palm-beach,Palm Beach,9,22.2,true,SYNTHETIC_ENGINEERING_FIXTURE
2025-07-11,north-steyne,North Steyne,40,22.2,true,SYNTHETIC_ENGINEERING_FIXTURE
2025-07-11,bondi,Bondi,22,22.2,true,SYNTHETIC_ENGINEERING_FIXTURE
2025-07-11,coogee,Coogee,9,22.2,true,SYNTHETIC_ENGINEERING_FIXTURE
2025-07-11,cronulla,Cronulla,16,22.2,true,SYNTHETIC_ENGINEERING_FIXTURE
2025-07-11,balmoral,Balmoral,2,22.2,true,SYNTHETIC_ENGINEERING_FIXTURE
2025-07-12,palm-beach,Palm Beach,34,22.1,true,SYNTHETIC_ENGINEERING_FIXTURE
2025-07-12,north-steyne,North Steyne,27,22.1,true,SYNTHETIC_ENGINEERING_FIXTURE
2025-07-12,bondi,Bondi,8,22.1,true,SYNTHETIC_ENGINEERING_FIXTURE
2025-07-12,coogee,Coogee,10,22.1,true,SYNTHETIC_ENGINEERING_FIXTURE
2025-07-12,cronulla,Cronulla,7,22.1,true,SYNTHETIC_ENGINEERING_FIXTURE
2025-07-12,balmoral,Balmoral,5,22.1,true,SYNTHETIC_ENGINEERING_FIXTURE
2025-07-13,palm-beach,Palm Beach,9,22.1,true,SYNTHETIC_ENGINEERING_FIXTURE
2025-07-13,north-steyne,North Steyne,39,22.1,true,SYNTHETIC_ENGINEERING_FIXTURE
2025-07-13,bondi,Bondi,5,22.1,true,SYNTHETIC_ENGINEERING_FIXTURE
2025-07-13,coogee,Coogee,4,22.1,true,SYNTHETIC_ENGINEERING_FIXTURE
2025-07-13,cronulla,Cronulla,27,22.1,true,SYNTHETIC_ENGINEERING_FIXTURE
2025-07-13,balmoral,Balmoral,2,22.1,true,SYNTHETIC_ENGINEERING_FIXTURE
2025-07-14,palm-beach,Palm Beach,2,22.1,true,SYNTHETIC_ENGINEERING_FIXTURE
2025-07-14,north-steyne,North Steyne,22,22.1,true,SYNTHETIC_ENGINEERING_FIXTURE
2025-07-14,bondi,Bondi,20,22.1,true,SYNTHETIC_ENGINEERING_FIXTURE
2025-07-14,coogee,Coogee,2,22.1,true,SYNTHETIC_ENGINEERING_FIXTURE
2025-07-14,cronulla,Cronulla,4,22.1,true,SYNTHETIC_ENGINEERING_FIXTURE
2025-07-14,balmoral,Balmoral,10,22.1,true,SYNTHETIC_ENGINEERING_FIXTURE
2025-07-15,palm-beach,Palm Beach,10,22.0,true,SYNTHETIC_ENGINEERING_FIXTURE
2025-07-15,north-steyne,North Steyne,1,22.0,true,SYNTHETIC_ENGINEERING_FIXTURE
2025-07-15,bondi,Bondi,17,22.0,true,SYNTHETIC_ENGINEERING_FIXTURE
2025-07-15,coogee,Coogee,17,22.0,true,SYNTHETIC_ENGINEERING_FIXTURE
2025-07-15,cronulla,Cronulla,15,22.0,true,SYNTHETIC_ENGINEERING_FIXTURE
2025-07-15,balmoral,Balmoral,7,22.0,true,SYNTHETIC_ENGINEERING_FIXTURE
2025-07-16,palm-beach,Palm Beach,11,22.0,true,SYNTHETIC_ENGINEERING_FIXTURE
2025-07-16,north-steyne,North Steyne,3,22.0,true,SYNTHETIC_ENGINEERING_FIXTURE
2025-07-16,bondi,Bondi,1,22.0,true,SYNTHETIC_ENGINEERING_FIXTURE
2025-07-16,coogee,Coogee,2,22.0,true,SYNTHETIC_ENGINEERING_FIXTURE
2025-07-16,cronulla,Cronulla,10,22.0,true,SYNTHETIC_ENGINEERING_FIXTURE
2025-07-16,balmoral,Balmoral,2,22.0,true,SYNTHETIC_ENGINEERING_FIXTURE
2025-07-17,palm-beach,Palm Beach,2,21.9,true,SYNTHETIC_ENGINEERING_FIXTURE
2025-07-17,north-steyne,North Steyne,3,21.9,true,SYNTHETIC_ENGINEERING_FIXTURE
2025-07-17,bondi,Bondi,5,21.9,true,SYNTHETIC_ENGINEERING_FIXTURE
2025-07-17,coogee,Coogee,2,21.9,true,SYNTHETIC_ENGINEERING_FIXTURE
2025-07-17,cronulla,Cronulla,7,21.9,true,SYNTHETIC_ENGINEERING_FIXTURE
2025-07-17,balmoral,Balmoral,6,21.9,true,SYNTHETIC_ENGINEERING_FIXTURE
2025-07-18,palm-beach,Palm Beach,25,21.9,true,SYNTHETIC_ENGINEERING_FIXTURE
2025-07-18,north-steyne,North Steyne,2,21.9,true,SYNTHETIC_ENGINEERING_FIXTURE
2025-07-18,bondi,Bondi,3,21.9,true,SYNTHETIC_ENGINEERING_FIXTURE
2025-07-18,coogee,Coogee,21,21.9,true,SYNTHETIC_ENGINEERING_FIXTURE
2025-07-18,cronulla,Cronulla,4,21.9,true,SYNTHETIC_ENGINEERING_FIXTURE
2025-07-18,balmoral,Balmoral,6,21.9,true,SYNTHETIC_ENGINEERING_FIXTURE
2025-07-19,palm-beach,Palm Beach,24,21.8,true,SYNTHETIC_ENGINEERING_FIXTURE
2025-07-19,north-steyne,North Steyne,3,21.8,true,SYNTHETIC_ENGINEERING_FIXTURE
2025-07-19,bondi,Bondi,7,21.8,true,SYNTHETIC_ENGINEERING_FIXTURE
2025-07-19,coogee,Coogee,7,21.8,true,SYNTHETIC_ENGINEERING_FIXTURE
2025-07-19,cronulla,Cronulla,4,21.8,true,SYNTHETIC_ENGINEERING_FIXTURE
2025-07-19,balmoral,Balmoral,7,21.8,true,SYNTHETIC_ENGINEERING_FIXTURE
2025-07-20,palm-beach,Palm Beach,61,21.8,true,SYNTHETIC_ENGINEERING_FIXTURE
2025-07-20,north-steyne,North Steyne,22,21.8,true,SYNTHETIC_ENGINEERING_FIXTURE
2025-07-20,bondi,Bondi,7,21.8,true,SYNTHETIC_ENGINEERING_FIXTURE
2025-07-20,coogee,Coogee,14,21.8,true,SYNTHETIC_ENGINEERING_FIXTURE
2025-07-20,cronulla,Cronulla,25,21.8,true,SYNTHETIC_ENGINEERING_FIXTURE
2025-07-20,balmoral,Balmoral,4,21.8,true,SYNTHETIC_ENGINEERING_FIXTURE
2025-07-21,palm-beach,Palm Beach,10,21.7,true,SYNTHETIC_ENGINEERING_FIXTURE
2025-07-21,north-steyne,North Steyne,8,21.7,true,SYNTHETIC_ENGINEERING_FIXTURE
2025-07-21,bondi,Bondi,8,21.7,true,SYNTHETIC_ENGINEERING_FIXTURE
2025-07-21,coogee,Coogee,7,21.7,true,SYNTHETIC_ENGINEERING_FIXTURE
2025-07-21,cronulla,Cronulla,27,21.7,true,SYNTHETIC_ENGINEERING_FIXTURE
2025-07-21,balmoral,Balmoral,4,21.7,true,SYNTHETIC_ENGINEERING_FIXTURE
2025-07-22,palm-beach,Palm Beach,1,21.7,true,SYNTHETIC_ENGINEERING_FIXTURE
2025-07-22,north-steyne,North Steyne,105,21.7,true,SYNTHETIC_ENGINEERING_FIXTURE
2025-07-22,bondi,Bondi,5,21.7,true,SYNTHETIC_ENGINEERING_FIXTURE
2025-07-22,coogee,Coogee,14,21.7,true,SYNTHETIC_ENGINEERING_FIXTURE
2025-07-22,cronulla,Cronulla,29,21.7,true,SYNTHETIC_ENGINEERING_FIXTURE
2025-07-22,balmoral,Balmoral,14,21.7,true,SYNTHETIC_ENGINEERING_FIXTURE
2025-07-23,palm-beach,Palm Beach,17,21.7,true,SYNTHETIC_ENGINEERING_FIXTURE
2025-07-23,north-steyne,North Steyne,7,21.7,true,SYNTHETIC_ENGINEERING_FIXTURE
2025-07-23,bondi,Bondi,2,21.7,true,SYNTHETIC_ENGINEERING_FIXTURE
2025-07-23,coogee,Coogee,14,21.7,true,SYNTHETIC_ENGINEERING_FIXTURE
2025-07-23,cronulla,Cronulla,12,21.7,true,SYNTHETIC_ENGINEERING_FIXTURE
2025-07-23,balmoral,Balmoral,2,21.7,true,SYNTHETIC_ENGINEERING_FIXTURE
2025-07-24,palm-beach,Palm Beach,15,21.6,true,SYNTHETIC_ENGINEERING_FIXTURE
2025-07-24,north-steyne,North Steyne,2,21.6,true,SYNTHETIC_ENGINEERING_FIXTURE
2025-07-24,bondi,Bondi,2,21.6,true,SYNTHETIC_ENGINEERING_FIXTURE
2025-07-24,coogee,Coogee,2,21.6,true,SYNTHETIC_ENGINEERING_FIXTURE
2025-07-24,cronulla,Cronulla,5,21.6,true,SYNTHETIC_ENGINEERING_FIXTURE
2025-07-24,balmoral,Balmoral,2,21.6,true,SYNTHETIC_ENGINEERING_FIXTURE
2025-07-25,palm-beach,Palm Beach,6,21.6,true,SYNTHETIC_ENGINEERING_FIXTURE
2025-07-25,north-steyne,North Steyne,18,21.6,true,SYNTHETIC_ENGINEERING_FIXTURE
2025-07-25,bondi,Bondi,11,21.6,true,SYNTHETIC_ENGINEERING_FIXTURE
2025-07-25,coogee,Coogee,5,21.6,true,SYNTHETIC_ENGINEERING_FIXTURE
2025-07-25,cronulla,Cronulla,22,21.6,true,SYNTHETIC_ENGINEERING_FIXTURE
2025-07-25,balmoral,Balmoral,12,21.6,true,SYNTHETIC_ENGINEERING_FIXTURE
2025-07-26,palm-beach,Palm Beach,7,21.5,true,SYNTHETIC_ENGINEERING_FIXTURE
2025-07-26,north-steyne,North Steyne,6,21.5,true,SYNTHETIC_ENGINEERING_FIXTURE
2025-07-26,bondi,Bondi,6,21.5,true,SYNTHETIC_ENGINEERING_FIXTURE
2025-07-26,coogee,Coogee,3,21.5,true,SYNTHETIC_ENGINEERING_FIXTURE
2025-07-26,cronulla,Cronulla,3,21.5,true,SYNTHETIC_ENGINEERING_FIXTURE
2025-07-26,balmoral,Balmoral,4,21.5,true,SYNTHETIC_ENGINEERING_FIXTURE
2025-07-27,palm-beach,Palm Beach,6,21.5,true,SYNTHETIC_ENGINEERING_FIXTURE
2025-07-27,north-steyne,North Steyne,21,21.5,true,SYNTHETIC_ENGINEERING_FIXTURE
2025-07-27,bondi,Bondi,5,21.5,true,SYNTHETIC_ENGINEERING_FIXTURE
2025-07-27,coogee,Coogee,22,21.5,true,SYNTHETIC_ENGINEERING_FIXTURE
2025-07-27,cronulla,Cronulla,3,21.5,true,SYNTHETIC_ENGINEERING_FIXTURE
2025-07-27,balmoral,Balmoral,7,21.5,true,SYNTHETIC_ENGINEERING_FIXTURE
2025-07-28,palm-beach,Palm Beach,3,21.4,true,SYNTHETIC_ENGINEERING_FIXTURE
2025-07-28,north-steyne,North Steyne,35,21.4,true,SYNTHETIC_ENGINEERING_FIXTURE
2025-07-28,bondi,Bondi,6,21.4,true,SYNTHETIC_ENGINEERING_FIXTURE
2025-07-28,coogee,Coogee,8,21.4,true,SYNTHETIC_ENGINEERING_FIXTURE
2025-07-28,cronulla,Cronulla,4,21.4,true,SYNTHETIC_ENGINEERING_FIXTURE
2025-07-28,balmoral,Balmoral,6,21.4,true,SYNTHETIC_ENGINEERING_FIXTURE
2025-07-29,palm-beach,Palm Beach,9,21.4,true,SYNTHETIC_ENGINEERING_FIXTURE
2025-07-29,north-steyne,North Steyne,6,21.4,true,SYNTHETIC_ENGINEERING_FIXTURE
2025-07-29,bondi,Bondi,3,21.4,true,SYNTHETIC_ENGINEERING_FIXTURE
2025-07-29,coogee,Coogee,3,21.4,true,SYNTHETIC_ENGINEERING_FIXTURE
2025-07-29,cronulla,Cronulla,16,21.4,true,SYNTHETIC_ENGINEERING_FIXTURE
2025-07-29,balmoral,Balmoral,1,21.4,true,SYNTHETIC_ENGINEERING_FIXTURE
2025-07-30,palm-beach,Palm Beach,35,21.3,true,SYNTHETIC_ENGINEERING_FIXTURE
2025-07-30,north-steyne,North Steyne,164,21.3,true,SYNTHETIC_ENGINEERING_FIXTURE
2025-07-30,bondi,Bondi,5,21.3,true,SYNTHETIC_ENGINEERING_FIXTURE
2025-07-30,coogee,Coogee,2,21.3,true,SYNTHETIC_ENGINEERING_FIXTURE
2025-07-30,cronulla,Cronulla,2,21.3,true,SYNTHETIC_ENGINEERING_FIXTURE
2025-07-30,balmoral,Balmoral,2,21.3,true,SYNTHETIC_ENGINEERING_FIXTURE
2025-07-31,palm-beach,Palm Beach,1,21.3,true,SYNTHETIC_ENGINEERING_FIXTURE
2025-07-31,north-steyne,North Steyne,4,21.3,true,SYNTHETIC_ENGINEERING_FIXTURE
2025-07-31,bondi,Bondi,16,21.3,true,SYNTHETIC_ENGINEERING_FIXTURE
2025-07-31,coogee,Coogee,7,21.3,true,SYNTHETIC_ENGINEERING_FIXTURE
2025-07-31,cronulla,Cronulla,18,21.3,true,SYNTHETIC_ENGINEERING_FIXTURE
2025-07-31,balmoral,Balmoral,0,21.3,true,SYNTHETIC_ENGINEERING_FIXTURE
2025-08-01,palm-beach,Palm Beach,6,21.2,true,SYNTHETIC_ENGINEERING_FIXTURE
2025-08-01,north-steyne,North Steyne,16,21.2,true,SYNTHETIC_ENGINEERING_FIXTURE
2025-08-01,bondi,Bondi,6,21.2,true,SYNTHETIC_ENGINEERING_FIXTURE
2025-08-01,coogee,Coogee,1,21.2,true,SYNTHETIC_ENGINEERING_FIXTURE
2025-08-01,cronulla,Cronulla,12,21.2,true,SYNTHETIC_ENGINEERING_FIXTURE
2025-08-01,balmoral,Balmoral,12,21.2,true,SYNTHETIC_ENGINEERING_FIXTURE
2025-08-02,palm-beach,Palm Beach,31,21.1,true,SYNTHETIC_ENGINEERING_FIXTURE
2025-08-02,north-steyne,North Steyne,3,21.1,true,SYNTHETIC_ENGINEERING_FIXTURE
2025-08-02,bondi,Bondi,10,21.1,true,SYNTHETIC_ENGINEERING_FIXTURE
2025-08-02,coogee,Coogee,2,21.1,true,SYNTHETIC_ENGINEERING_FIXTURE
2025-08-02,cronulla,Cronulla,26,21.1,true,SYNTHETIC_ENGINEERING_FIXTURE
2025-08-02,balmoral,Balmoral,2,21.1,true,SYNTHETIC_ENGINEERING_FIXTURE
2025-08-03,palm-beach,Palm Beach,14,21.1,true,SYNTHETIC_ENGINEERING_FIXTURE
2025-08-03,north-steyne,North Steyne,1,21.1,true,SYNTHETIC_ENGINEERING_FIXTURE
2025-08-03,bondi,Bondi,5,21.1,true,SYNTHETIC_ENGINEERING_FIXTURE
2025-08-03,coogee,Coogee,18,21.1,true,SYNTHETIC_ENGINEERING_FIXTURE
2025-08-03,cronulla,Cronulla,3,21.1,true,SYNTHETIC_ENGINEERING_FIXTURE
2025-08-03,balmoral,Balmoral,4,21.1,true,SYNTHETIC_ENGINEERING_FIXTURE
2025-08-04,palm-beach,Palm Beach,4,21.0,true,SYNTHETIC_ENGINEERING_FIXTURE
2025-08-04,north-steyne,North Steyne,7,21.0,true,SYNTHETIC_ENGINEERING_FIXTURE
2025-08-04,bondi,Bondi,4,21.0,true,SYNTHETIC_ENGINEERING_FIXTURE
2025-08-04,coogee,Coogee,11,21.0,true,SYNTHETIC_ENGINEERING_FIXTURE
2025-08-04,cronulla,Cronulla,5,21.0,true,SYNTHETIC_ENGINEERING_FIXTURE
2025-08-04,balmoral,Balmoral,29,21.0,true,SYNTHETIC_ENGINEERING_FIXTURE
2025-08-05,palm-beach,Palm Beach,6,21.0,true,SYNTHETIC_ENGINEERING_FIXTURE
2025-08-05,north-steyne,North Steyne,14,21.0,true,SYNTHETIC_ENGINEERING_FIXTURE
2025-08-05,bondi,Bondi,11,21.0,true,SYNTHETIC_ENGINEERING_FIXTURE
2025-08-05,coogee,Coogee,5,21.0,true,SYNTHETIC_ENGINEERING_FIXTURE
2025-08-05,cronulla,Cronulla,9,21.0,true,SYNTHETIC_ENGINEERING_FIXTURE
2025-08-05,balmoral,Balmoral,2,21.0,true,SYNTHETIC_ENGINEERING_FIXTURE
2025-08-06,palm-beach,Palm Beach,10,20.9,true,SYNTHETIC_ENGINEERING_FIXTURE
2025-08-06,north-steyne,North Steyne,20,20.9,true,SYNTHETIC_ENGINEERING_FIXTURE
2025-08-06,bondi,Bondi,2,20.9,true,SYNTHETIC_ENGINEERING_FIXTURE
2025-08-06,coogee,Coogee,5,20.9,true,SYNTHETIC_ENGINEERING_FIXTURE
2025-08-06,cronulla,Cronulla,6,20.9,true,SYNTHETIC_ENGINEERING_FIXTURE
2025-08-06,balmoral,Balmoral,5,20.9,true,SYNTHETIC_ENGINEERING_FIXTURE
2025-08-07,palm-beach,Palm Beach,5,20.9,true,SYNTHETIC_ENGINEERING_FIXTURE
2025-08-07,north-steyne,North Steyne,6,20.9,true,SYNTHETIC_ENGINEERING_FIXTURE
2025-08-07,bondi,Bondi,14,20.9,true,SYNTHETIC_ENGINEERING_FIXTURE
2025-08-07,coogee,Coogee,9,20.9,true,SYNTHETIC_ENGINEERING_FIXTURE
2025-08-07,cronulla,Cronulla,4,20.9,true,SYNTHETIC_ENGINEERING_FIXTURE
2025-08-07,balmoral,Balmoral,32,20.9,true,SYNTHETIC_ENGINEERING_FIXTURE
2025-08-08,palm-beach,Palm Beach,1,20.8,true,SYNTHETIC_ENGINEERING_FIXTURE
2025-08-08,north-steyne,North Steyne,4,20.8,true,SYNTHETIC_ENGINEERING_FIXTURE
2025-08-08,bondi,Bondi,4,20.8,true,SYNTHETIC_ENGINEERING_FIXTURE
2025-08-08,coogee,Coogee,8,20.8,true,SYNTHETIC_ENGINEERING_FIXTURE
2025-08-08,cronulla,Cronulla,13,20.8,true,SYNTHETIC_ENGINEERING_FIXTURE
2025-08-08,balmoral,Balmoral,26,20.8,true,SYNTHETIC_ENGINEERING_FIXTURE
2025-08-09,palm-beach,Palm Beach,4,20.8,true,SYNTHETIC_ENGINEERING_FIXTURE
2025-08-09,north-steyne,North Steyne,7,20.8,true,SYNTHETIC_ENGINEERING_FIXTURE
2025-08-09,bondi,Bondi,0,20.8,true,SYNTHETIC_ENGINEERING_FIXTURE
2025-08-09,coogee,Coogee,2,20.8,true,SYNTHETIC_ENGINEERING_FIXTURE
2025-08-09,cronulla,Cronulla,0,20.8,true,SYNTHETIC_ENGINEERING_FIXTURE
2025-08-09,balmoral,Balmoral,7,20.8,true,SYNTHETIC_ENGINEERING_FIXTURE
2025-08-10,palm-beach,Palm Beach,1,20.7,true,SYNTHETIC_ENGINEERING_FIXTURE
2025-08-10,north-steyne,North Steyne,6,20.7,true,SYNTHETIC_ENGINEERING_FIXTURE
2025-08-10,bondi,Bondi,0,20.7,true,SYNTHETIC_ENGINEERING_FIXTURE
2025-08-10,coogee,Coogee,3,20.7,true,SYNTHETIC_ENGINEERING_FIXTURE
2025-08-10,cronulla,Cronulla,2,20.7,true,SYNTHETIC_ENGINEERING_FIXTURE
2025-08-10,balmoral,Balmoral,66,20.7,true,SYNTHETIC_ENGINEERING_FIXTURE
2025-08-11,palm-beach,Palm Beach,2,20.7,true,SYNTHETIC_ENGINEERING_FIXTURE
2025-08-11,north-steyne,North Steyne,24,20.7,true,SYNTHETIC_ENGINEERING_FIXTURE
2025-08-11,bondi,Bondi,14,20.7,true,SYNTHETIC_ENGINEERING_FIXTURE
2025-08-11,coogee,Coogee,3,20.7,true,SYNTHETIC_ENGINEERING_FIXTURE
2025-08-11,cronulla,Cronulla,6,20.7,true,SYNTHETIC_ENGINEERING_FIXTURE
2025-08-11,balmoral,Balmoral,13,20.7,true,SYNTHETIC_ENGINEERING_FIXTURE
2025-08-12,palm-beach,Palm Beach,26,20.6,true,SYNTHETIC_ENGINEERING_FIXTURE
2025-08-12,north-steyne,North Steyne,4,20.6,true,SYNTHETIC_ENGINEERING_FIXTURE
2025-08-12,bondi,Bondi,33,20.6,true,SYNTHETIC_ENGINEERING_FIXTURE
2025-08-12,coogee,Coogee,4,20.6,true,SYNTHETIC_ENGINEERING_FIXTURE
2025-08-12,cronulla,Cronulla,3,20.6,true,SYNTHETIC_ENGINEERING_FIXTURE
2025-08-12,balmoral,Balmoral,4,20.6,true,SYNTHETIC_ENGINEERING_FIXTURE
2025-08-13,palm-beach,Palm Beach,3,20.5,true,SYNTHETIC_ENGINEERING_FIXTURE
2025-08-13,north-steyne,North Steyne,2,20.5,true,SYNTHETIC_ENGINEERING_FIXTURE
2025-08-13,bondi,Bondi,7,20.5,true,SYNTHETIC_ENGINEERING_FIXTURE
2025-08-13,coogee,Coogee,8,20.5,true,SYNTHETIC_ENGINEERING_FIXTURE
2025-08-13,cronulla,Cronulla,22,20.5,true,SYNTHETIC_ENGINEERING_FIXTURE
2025-08-13,balmoral,Balmoral,5,20.5,true,SYNTHETIC_ENGINEERING_FIXTURE
2025-08-14,palm-beach,Palm Beach,4,20.5,true,SYNTHETIC_ENGINEERING_FIXTURE
2025-08-14,north-steyne,North Steyne,2,20.5,true,SYNTHETIC_ENGINEERING_FIXTURE
2025-08-14,bondi,Bondi,4,20.5,true,SYNTHETIC_ENGINEERING_FIXTURE
2025-08-14,coogee,Coogee,6,20.5,true,SYNTHETIC_ENGINEERING_FIXTURE
2025-08-14,cronulla,Cronulla,2,20.5,true,SYNTHETIC_ENGINEERING_FIXTURE
2025-08-14,balmoral,Balmoral,5,20.5,true,SYNTHETIC_ENGINEERING_FIXTURE
2025-08-15,palm-beach,Palm Beach,5,20.4,true,SYNTHETIC_ENGINEERING_FIXTURE
2025-08-15,north-steyne,North Steyne,4,20.4,true,SYNTHETIC_ENGINEERING_FIXTURE
2025-08-15,bondi,Bondi,26,20.4,true,SYNTHETIC_ENGINEERING_FIXTURE
2025-08-15,coogee,Coogee,5,20.4,true,SYNTHETIC_ENGINEERING_FIXTURE
2025-08-15,cronulla,Cronulla,9,20.4,true,SYNTHETIC_ENGINEERING_FIXTURE
2025-08-15,balmoral,Balmoral,19,20.4,true,SYNTHETIC_ENGINEERING_FIXTURE
2025-08-16,palm-beach,Palm Beach,18,20.4,true,SYNTHETIC_ENGINEERING_FIXTURE
2025-08-16,north-steyne,North Steyne,6,20.4,true,SYNTHETIC_ENGINEERING_FIXTURE
2025-08-16,bondi,Bondi,15,20.4,true,SYNTHETIC_ENGINEERING_FIXTURE
2025-08-16,coogee,Coogee,12,20.4,true,SYNTHETIC_ENGINEERING_FIXTURE
2025-08-16,cronulla,Cronulla,5,20.4,true,SYNTHETIC_ENGINEERING_FIXTURE
2025-08-16,balmoral,Balmoral,15,20.4,true,SYNTHETIC_ENGINEERING_FIXTURE
2025-08-17,palm-beach,Palm Beach,6,20.3,true,SYNTHETIC_ENGINEERING_FIXTURE
2025-08-17,north-steyne,North Steyne,2,20.3,true,SYNTHETIC_ENGINEERING_FIXTURE
2025-08-17,bondi,Bondi,26,20.3,true,SYNTHETIC_ENGINEERING_FIXTURE
2025-08-17,coogee,Coogee,4,20.3,true,SYNTHETIC_ENGINEERING_FIXTURE
2025-08-17,cronulla,Cronulla,5,20.3,true,SYNTHETIC_ENGINEERING_FIXTURE
2025-08-17,balmoral,Balmoral,4,20.3,true,SYNTHETIC_ENGINEERING_FIXTURE
2025-08-18,palm-beach,Palm Beach,2,20.2,true,SYNTHETIC_ENGINEERING_FIXTURE
2025-08-18,north-steyne,North Steyne,3,20.2,true,SYNTHETIC_ENGINEERING_FIXTURE
2025-08-18,bondi,Bondi,10,20.2,true,SYNTHETIC_ENGINEERING_FIXTURE
2025-08-18,coogee,Coogee,9,20.2,true,SYNTHETIC_ENGINEERING_FIXTURE
2025-08-18,cronulla,Cronulla,46,20.2,true,SYNTHETIC_ENGINEERING_FIXTURE
2025-08-18,balmoral,Balmoral,3,20.2,true,SYNTHETIC_ENGINEERING_FIXTURE
2025-08-19,palm-beach,Palm Beach,8,20.2,true,SYNTHETIC_ENGINEERING_FIXTURE
2025-08-19,north-steyne,North Steyne,4,20.2,true,SYNTHETIC_ENGINEERING_FIXTURE
2025-08-19,bondi,Bondi,26,20.2,true,SYNTHETIC_ENGINEERING_FIXTURE
2025-08-19,coogee,Coogee,8,20.2,true,SYNTHETIC_ENGINEERING_FIXTURE
2025-08-19,cronulla,Cronulla,11,20.2,true,SYNTHETIC_ENGINEERING_FIXTURE
2025-08-19,balmoral,Balmoral,8,20.2,true,SYNTHETIC_ENGINEERING_FIXTURE
2025-08-20,palm-beach,Palm Beach,17,20.1,true,SYNTHETIC_ENGINEERING_FIXTURE
2025-08-20,north-steyne,North Steyne,2,20.1,true,SYNTHETIC_ENGINEERING_FIXTURE
2025-08-20,bondi,Bondi,6,20.1,true,SYNTHETIC_ENGINEERING_FIXTURE
2025-08-20,coogee,Coogee,5,20.1,true,SYNTHETIC_ENGINEERING_FIXTURE
2025-08-20,cronulla,Cronulla,6,20.1,true,SYNTHETIC_ENGINEERING_FIXTURE
2025-08-20,balmoral,Balmoral,6,20.1,true,SYNTHETIC_ENGINEERING_FIXTURE
2025-08-21,palm-beach,Palm Beach,11,20.1,true,SYNTHETIC_ENGINEERING_FIXTURE
2025-08-21,north-steyne,North Steyne,22,20.1,true,SYNTHETIC_ENGINEERING_FIXTURE
2025-08-21,bondi,Bondi,4,20.1,true,SYNTHETIC_ENGINEERING_FIXTURE
2025-08-21,coogee,Coogee,3,20.1,true,SYNTHETIC_ENGINEERING_FIXTURE
2025-08-21,cronulla,Cronulla,6,20.1,true,SYNTHETIC_ENGINEERING_FIXTURE
2025-08-21,balmoral,Balmoral,9,20.1,true,SYNTHETIC_ENGINEERING_FIXTURE
2025-08-22,palm-beach,Palm Beach,43,20.0,true,SYNTHETIC_ENGINEERING_FIXTURE
2025-08-22,north-steyne,North Steyne,0,20.0,true,SYNTHETIC_ENGINEERING_FIXTURE
2025-08-22,bondi,Bondi,4,20.0,true,SYNTHETIC_ENGINEERING_FIXTURE
2025-08-22,coogee,Coogee,5,20.0,true,SYNTHETIC_ENGINEERING_FIXTURE
2025-08-22,cronulla,Cronulla,36,20.0,true,SYNTHETIC_ENGINEERING_FIXTURE
2025-08-22,balmoral,Balmoral,20,20.0,true,SYNTHETIC_ENGINEERING_FIXTURE
2025-08-23,palm-beach,Palm Beach,5,20.0,true,SYNTHETIC_ENGINEERING_FIXTURE
2025-08-23,north-steyne,North Steyne,8,20.0,true,SYNTHETIC_ENGINEERING_FIXTURE
2025-08-23,bondi,Bondi,6,20.0,true,SYNTHETIC_ENGINEERING_FIXTURE
2025-08-23,coogee,Coogee,16,20.0,true,SYNTHETIC_ENGINEERING_FIXTURE
2025-08-23,cronulla,Cronulla,20,20.0,true,SYNTHETIC_ENGINEERING_FIXTURE
2025-08-23,balmoral,Balmoral,21,20.0,true,SYNTHETIC_ENGINEERING_FIXTURE
2025-08-24,palm-beach,Palm Beach,22,19.9,true,SYNTHETIC_ENGINEERING_FIXTURE
2025-08-24,north-steyne,North Steyne,5,19.9,true,SYNTHETIC_ENGINEERING_FIXTURE
2025-08-24,bondi,Bondi,4,19.9,true,SYNTHETIC_ENGINEERING_FIXTURE
2025-08-24,coogee,Coogee,3,19.9,true,SYNTHETIC_ENGINEERING_FIXTURE
2025-08-24,cronulla,Cronulla,20,19.9,true,SYNTHETIC_ENGINEERING_FIXTURE
2025-08-24,balmoral,Balmoral,11,19.9,true,SYNTHETIC_ENGINEERING_FIXTURE
2025-08-25,palm-beach,Palm Beach,10,19.8,true,SYNTHETIC_ENGINEERING_FIXTURE
2025-08-25,north-steyne,North Steyne,13,19.8,true,SYNTHETIC_ENGINEERING_FIXTURE
2025-08-25,bondi,Bondi,7,19.8,true,SYNTHETIC_ENGINEERING_FIXTURE
2025-08-25,coogee,Coogee,2,19.8,true,SYNTHETIC_ENGINEERING_FIXTURE
2025-08-25,cronulla,Cronulla,43,19.8,true,SYNTHETIC_ENGINEERING_FIXTURE
2025-08-25,balmoral,Balmoral,38,19.8,true,SYNTHETIC_ENGINEERING_FIXTURE
2025-08-26,palm-beach,Palm Beach,4,19.8,true,SYNTHETIC_ENGINEERING_FIXTURE
2025-08-26,north-steyne,North Steyne,1,19.8,true,SYNTHETIC_ENGINEERING_FIXTURE
2025-08-26,bondi,Bondi,17,19.8,true,SYNTHETIC_ENGINEERING_FIXTURE
2025-08-26,coogee,Coogee,1,19.8,true,SYNTHETIC_ENGINEERING_FIXTURE
2025-08-26,cronulla,Cronulla,23,19.8,true,SYNTHETIC_ENGINEERING_FIXTURE
2025-08-26,balmoral,Balmoral,3,19.8,true,SYNTHETIC_ENGINEERING_FIXTURE
2025-08-27,palm-beach,Palm Beach,2,19.7,true,SYNTHETIC_ENGINEERING_FIXTURE
2025-08-27,north-steyne,North Steyne,2,19.7,true,SYNTHETIC_ENGINEERING_FIXTURE
2025-08-27,bondi,Bondi,59,19.7,true,SYNTHETIC_ENGINEERING_FIXTURE
2025-08-27,coogee,Coogee,8,19.7,true,SYNTHETIC_ENGINEERING_FIXTURE
2025-08-27,cronulla,Cronulla,1,19.7,true,SYNTHETIC_ENGINEERING_FIXTURE
2025-08-27,balmoral,Balmoral,5,19.7,true,SYNTHETIC_ENGINEERING_FIXTURE
2025-08-28,palm-beach,Palm Beach,2,19.7,true,SYNTHETIC_ENGINEERING_FIXTURE
2025-08-28,north-steyne,North Steyne,3,19.7,true,SYNTHETIC_ENGINEERING_FIXTURE
2025-08-28,bondi,Bondi,0,19.7,true,SYNTHETIC_ENGINEERING_FIXTURE
2025-08-28,coogee,Coogee,7,19.7,true,SYNTHETIC_ENGINEERING_FIXTURE
2025-08-28,cronulla,Cronulla,29,19.7,true,SYNTHETIC_ENGINEERING_FIXTURE
2025-08-28,balmoral,Balmoral,51,19.7,true,SYNTHETIC_ENGINEERING_FIXTURE
2025-08-29,palm-beach,Palm Beach,8,19.6,true,SYNTHETIC_ENGINEERING_FIXTURE
2025-08-29,north-steyne,North Steyne,4,19.6,true,SYNTHETIC_ENGINEERING_FIXTURE
2025-08-29,bondi,Bondi,13,19.6,true,SYNTHETIC_ENGINEERING_FIXTURE
2025-08-29,coogee,Coogee,3,19.6,true,SYNTHETIC_ENGINEERING_FIXTURE
2025-08-29,cronulla,Cronulla,2,19.6,true,SYNTHETIC_ENGINEERING_FIXTURE
2025-08-29,balmoral,Balmoral,4,19.6,true,SYNTHETIC_ENGINEERING_FIXTURE
2025-08-30,palm-beach,Palm Beach,36,19.5,true,SYNTHETIC_ENGINEERING_FIXTURE
2025-08-30,north-steyne,North Steyne,6,19.5,true,SYNTHETIC_ENGINEERING_FIXTURE
2025-08-30,bondi,Bondi,2,19.5,true,SYNTHETIC_ENGINEERING_FIXTURE
2025-08-30,coogee,Coogee,6,19.5,true,SYNTHETIC_ENGINEERING_FIXTURE
2025-08-30,cronulla,Cronulla,2,19.5,true,SYNTHETIC_ENGINEERING_FIXTURE
2025-08-30,balmoral,Balmoral,7,19.5,true,SYNTHETIC_ENGINEERING_FIXTURE
2025-08-31,palm-beach,Palm Beach,45,19.5,true,SYNTHETIC_ENGINEERING_FIXTURE
2025-08-31,north-steyne,North Steyne,4,19.5,true,SYNTHETIC_ENGINEERING_FIXTURE
2025-08-31,bondi,Bondi,6,19.5,true,SYNTHETIC_ENGINEERING_FIXTURE
2025-08-31,coogee,Coogee,4,19.5,true,SYNTHETIC_ENGINEERING_FIXTURE
2025-08-31,cronulla,Cronulla,4,19.5,true,SYNTHETIC_ENGINEERING_FIXTURE
2025-08-31,balmoral,Balmoral,40,19.5,true,SYNTHETIC_ENGINEERING_FIXTURE
2025-09-01,palm-beach,Palm Beach,2,19.4,true,SYNTHETIC_ENGINEERING_FIXTURE
2025-09-01,north-steyne,North Steyne,16,19.4,true,SYNTHETIC_ENGINEERING_FIXTURE
2025-09-01,bondi,Bondi,3,19.4,true,SYNTHETIC_ENGINEERING_FIXTURE
2025-09-01,coogee,Coogee,2,19.4,true,SYNTHETIC_ENGINEERING_FIXTURE
2025-09-01,cronulla,Cronulla,7,19.4,true,SYNTHETIC_ENGINEERING_FIXTURE
2025-09-01,balmoral,Balmoral,21,19.4,true,SYNTHETIC_ENGINEERING_FIXTURE
2025-09-02,palm-beach,Palm Beach,3,19.3,true,SYNTHETIC_ENGINEERING_FIXTURE
2025-09-02,north-steyne,North Steyne,3,19.3,true,SYNTHETIC_ENGINEERING_FIXTURE
2025-09-02,bondi,Bondi,27,19.3,true,SYNTHETIC_ENGINEERING_FIXTURE
2025-09-02,coogee,Coogee,24,19.3,true,SYNTHETIC_ENGINEERING_FIXTURE
2025-09-02,cronulla,Cronulla,7,19.3,true,SYNTHETIC_ENGINEERING_FIXTURE
2025-09-02,balmoral,Balmoral,7,19.3,true,SYNTHETIC_ENGINEERING_FIXTURE
2025-09-03,palm-beach,Palm Beach,5,19.3,true,SYNTHETIC_ENGINEERING_FIXTURE
2025-09-03,north-steyne,North Steyne,2,19.3,true,SYNTHETIC_ENGINEERING_FIXTURE
2025-09-03,bondi,Bondi,75,19.3,true,SYNTHETIC_ENGINEERING_FIXTURE
2025-09-03,coogee,Coogee,4,19.3,true,SYNTHETIC_ENGINEERING_FIXTURE
2025-09-03,cronulla,Cronulla,7,19.3,true,SYNTHETIC_ENGINEERING_FIXTURE
2025-09-03,balmoral,Balmoral,40,19.3,true,SYNTHETIC_ENGINEERING_FIXTURE
2025-09-04,palm-beach,Palm Beach,5,19.2,true,SYNTHETIC_ENGINEERING_FIXTURE
2025-09-04,north-steyne,North Steyne,6,19.2,true,SYNTHETIC_ENGINEERING_FIXTURE
2025-09-04,bondi,Bondi,8,19.2,true,SYNTHETIC_ENGINEERING_FIXTURE
2025-09-04,coogee,Coogee,1,19.2,true,SYNTHETIC_ENGINEERING_FIXTURE
2025-09-04,cronulla,Cronulla,8,19.2,true,SYNTHETIC_ENGINEERING_FIXTURE
2025-09-04,balmoral,Balmoral,2,19.2,true,SYNTHETIC_ENGINEERING_FIXTURE
2025-09-05,palm-beach,Palm Beach,6,19.2,true,SYNTHETIC_ENGINEERING_FIXTURE
2025-09-05,north-steyne,North Steyne,3,19.2,true,SYNTHETIC_ENGINEERING_FIXTURE
2025-09-05,bondi,Bondi,27,19.2,true,SYNTHETIC_ENGINEERING_FIXTURE
2025-09-05,coogee,Coogee,42,19.2,true,SYNTHETIC_ENGINEERING_FIXTURE
2025-09-05,cronulla,Cronulla,4,19.2,true,SYNTHETIC_ENGINEERING_FIXTURE
2025-09-05,balmoral,Balmoral,5,19.2,true,SYNTHETIC_ENGINEERING_FIXTURE
2025-09-06,palm-beach,Palm Beach,3,19.1,true,SYNTHETIC_ENGINEERING_FIXTURE
2025-09-06,north-steyne,North Steyne,1,19.1,true,SYNTHETIC_ENGINEERING_FIXTURE
2025-09-06,bondi,Bondi,2,19.1,true,SYNTHETIC_ENGINEERING_FIXTURE
2025-09-06,coogee,Coogee,67,19.1,true,SYNTHETIC_ENGINEERING_FIXTURE
2025-09-06,cronulla,Cronulla,2,19.1,true,SYNTHETIC_ENGINEERING_FIXTURE
2025-09-06,balmoral,Balmoral,8,19.1,true,SYNTHETIC_ENGINEERING_FIXTURE
2025-09-07,palm-beach,Palm Beach,2,19.0,true,SYNTHETIC_ENGINEERING_FIXTURE
2025-09-07,north-steyne,North Steyne,7,19.0,true,SYNTHETIC_ENGINEERING_FIXTURE
2025-09-07,bondi,Bondi,3,19.0,true,SYNTHETIC_ENGINEERING_FIXTURE
2025-09-07,coogee,Coogee,38,19.0,true,SYNTHETIC_ENGINEERING_FIXTURE
2025-09-07,cronulla,Cronulla,26,19.0,true,SYNTHETIC_ENGINEERING_FIXTURE
2025-09-07,balmoral,Balmoral,38,19.0,true,SYNTHETIC_ENGINEERING_FIXTURE
2025-09-08,palm-beach,Palm Beach,2,19.0,true,SYNTHETIC_ENGINEERING_FIXTURE
2025-09-08,north-steyne,North Steyne,5,19.0,true,SYNTHETIC_ENGINEERING_FIXTURE
2025-09-08,bondi,Bondi,10,19.0,true,SYNTHETIC_ENGINEERING_FIXTURE
2025-09-08,coogee,Coogee,3,19.0,true,SYNTHETIC_ENGINEERING_FIXTURE
2025-09-08,cronulla,Cronulla,11,19.0,true,SYNTHETIC_ENGINEERING_FIXTURE
2025-09-08,balmoral,Balmoral,2,19.0,true,SYNTHETIC_ENGINEERING_FIXTURE
2025-09-09,palm-beach,Palm Beach,4,18.9,true,SYNTHETIC_ENGINEERING_FIXTURE
2025-09-09,north-steyne,North Steyne,7,18.9,true,SYNTHETIC_ENGINEERING_FIXTURE
2025-09-09,bondi,Bondi,5,18.9,true,SYNTHETIC_ENGINEERING_FIXTURE
2025-09-09,coogee,Coogee,7,18.9,true,SYNTHETIC_ENGINEERING_FIXTURE
2025-09-09,cronulla,Cronulla,5,18.9,true,SYNTHETIC_ENGINEERING_FIXTURE
2025-09-09,balmoral,Balmoral,88,18.9,true,SYNTHETIC_ENGINEERING_FIXTURE
2025-09-10,palm-beach,Palm Beach,12,18.9,true,SYNTHETIC_ENGINEERING_FIXTURE
2025-09-10,north-steyne,North Steyne,9,18.9,true,SYNTHETIC_ENGINEERING_FIXTURE
2025-09-10,bondi,Bondi,37,18.9,true,SYNTHETIC_ENGINEERING_FIXTURE
2025-09-10,coogee,Coogee,7,18.9,true,SYNTHETIC_ENGINEERING_FIXTURE
2025-09-10,cronulla,Cronulla,29,18.9,true,SYNTHETIC_ENGINEERING_FIXTURE
2025-09-10,balmoral,Balmoral,5,18.9,true,SYNTHETIC_ENGINEERING_FIXTURE
2025-09-11,palm-beach,Palm Beach,3,18.8,true,SYNTHETIC_ENGINEERING_FIXTURE
2025-09-11,north-steyne,North Steyne,12,18.8,true,SYNTHETIC_ENGINEERING_FIXTURE
2025-09-11,bondi,Bondi,11,18.8,true,SYNTHETIC_ENGINEERING_FIXTURE
2025-09-11,coogee,Coogee,4,18.8,true,SYNTHETIC_ENGINEERING_FIXTURE
2025-09-11,cronulla,Cronulla,4,18.8,true,SYNTHETIC_ENGINEERING_FIXTURE
2025-09-11,balmoral,Balmoral,1,18.8,true,SYNTHETIC_ENGINEERING_FIXTURE
2025-09-12,palm-beach,Palm Beach,4,18.8,true,SYNTHETIC_ENGINEERING_FIXTURE
2025-09-12,north-steyne,North Steyne,21,18.8,true,SYNTHETIC_ENGINEERING_FIXTURE
2025-09-12,bondi,Bondi,4,18.8,true,SYNTHETIC_ENGINEERING_FIXTURE
2025-09-12,coogee,Coogee,7,18.8,true,SYNTHETIC_ENGINEERING_FIXTURE
2025-09-12,cronulla,Cronulla,24,18.8,true,SYNTHETIC_ENGINEERING_FIXTURE
2025-09-12,balmoral,Balmoral,8,18.8,true,SYNTHETIC_ENGINEERING_FIXTURE
2025-09-13,palm-beach,Palm Beach,2,18.7,true,SYNTHETIC_ENGINEERING_FIXTURE
2025-09-13,north-steyne,North Steyne,4,18.7,true,SYNTHETIC_ENGINEERING_FIXTURE
2025-09-13,bondi,Bondi,3,18.7,true,SYNTHETIC_ENGINEERING_FIXTURE
2025-09-13,coogee,Coogee,2,18.7,true,SYNTHETIC_ENGINEERING_FIXTURE
2025-09-13,cronulla,Cronulla,36,18.7,true,SYNTHETIC_ENGINEERING_FIXTURE
2025-09-13,balmoral,Balmoral,5,18.7,true,SYNTHETIC_ENGINEERING_FIXTURE
2025-09-14,palm-beach,Palm Beach,5,18.6,true,SYNTHETIC_ENGINEERING_FIXTURE
2025-09-14,north-steyne,North Steyne,3,18.6,true,SYNTHETIC_ENGINEERING_FIXTURE
2025-09-14,bondi,Bondi,9,18.6,true,SYNTHETIC_ENGINEERING_FIXTURE
2025-09-14,coogee,Coogee,1,18.6,true,SYNTHETIC_ENGINEERING_FIXTURE
2025-09-14,cronulla,Cronulla,7,18.6,true,SYNTHETIC_ENGINEERING_FIXTURE
2025-09-14,balmoral,Balmoral,13,18.6,true,SYNTHETIC_ENGINEERING_FIXTURE
2025-09-15,palm-beach,Palm Beach,4,18.6,true,SYNTHETIC_ENGINEERING_FIXTURE
2025-09-15,north-steyne,North Steyne,437,18.6,true,SYNTHETIC_ENGINEERING_FIXTURE
2025-09-15,bondi,Bondi,10,18.6,true,SYNTHETIC_ENGINEERING_FIXTURE
2025-09-15,coogee,Coogee,8,18.6,true,SYNTHETIC_ENGINEERING_FIXTURE
2025-09-15,cronulla,Cronulla,1,18.6,true,SYNTHETIC_ENGINEERING_FIXTURE
2025-09-15,balmoral,Balmoral,9,18.6,true,SYNTHETIC_ENGINEERING_FIXTURE
2025-09-16,palm-beach,Palm Beach,17,18.5,true,SYNTHETIC_ENGINEERING_FIXTURE
2025-09-16,north-steyne,North Steyne,10,18.5,true,SYNTHETIC_ENGINEERING_FIXTURE
2025-09-16,bondi,Bondi,18,18.5,true,SYNTHETIC_ENGINEERING_FIXTURE
2025-09-16,coogee,Coogee,3,18.5,true,SYNTHETIC_ENGINEERING_FIXTURE
2025-09-16,cronulla,Cronulla,8,18.5,true,SYNTHETIC_ENGINEERING_FIXTURE
2025-09-16,balmoral,Balmoral,3,18.5,true,SYNTHETIC_ENGINEERING_FIXTURE
2025-09-17,palm-beach,Palm Beach,1,18.5,true,SYNTHETIC_ENGINEERING_FIXTURE
2025-09-17,north-steyne,North Steyne,18,18.5,true,SYNTHETIC_ENGINEERING_FIXTURE
2025-09-17,bondi,Bondi,24,18.5,true,SYNTHETIC_ENGINEERING_FIXTURE
2025-09-17,coogee,Coogee,4,18.5,true,SYNTHETIC_ENGINEERING_FIXTURE
2025-09-17,cronulla,Cronulla,9,18.5,true,SYNTHETIC_ENGINEERING_FIXTURE
2025-09-17,balmoral,Balmoral,1,18.5,true,SYNTHETIC_ENGINEERING_FIXTURE
2025-09-18,palm-beach,Palm Beach,8,18.4,true,SYNTHETIC_ENGINEERING_FIXTURE
2025-09-18,north-steyne,North Steyne,6,18.4,true,SYNTHETIC_ENGINEERING_FIXTURE
2025-09-18,bondi,Bondi,4,18.4,true,SYNTHETIC_ENGINEERING_FIXTURE
2025-09-18,coogee,Coogee,5,18.4,true,SYNTHETIC_ENGINEERING_FIXTURE
2025-09-18,cronulla,Cronulla,76,18.4,true,SYNTHETIC_ENGINEERING_FIXTURE
2025-09-18,balmoral,Balmoral,4,18.4,true,SYNTHETIC_ENGINEERING_FIXTURE
2025-09-19,palm-beach,Palm Beach,7,18.3,true,SYNTHETIC_ENGINEERING_FIXTURE
2025-09-19,north-steyne,North Steyne,6,18.3,true,SYNTHETIC_ENGINEERING_FIXTURE
2025-09-19,bondi,Bondi,2,18.3,true,SYNTHETIC_ENGINEERING_FIXTURE
2025-09-19,coogee,Coogee,3,18.3,true,SYNTHETIC_ENGINEERING_FIXTURE
2025-09-19,cronulla,Cronulla,1,18.3,true,SYNTHETIC_ENGINEERING_FIXTURE
2025-09-19,balmoral,Balmoral,6,18.3,true,SYNTHETIC_ENGINEERING_FIXTURE
2025-09-20,palm-beach,Palm Beach,13,18.3,true,SYNTHETIC_ENGINEERING_FIXTURE
2025-09-20,north-steyne,North Steyne,3,18.3,true,SYNTHETIC_ENGINEERING_FIXTURE
2025-09-20,bondi,Bondi,3,18.3,true,SYNTHETIC_ENGINEERING_FIXTURE
2025-09-20,coogee,Coogee,8,18.3,true,SYNTHETIC_ENGINEERING_FIXTURE
2025-09-20,cronulla,Cronulla,15,18.3,true,SYNTHETIC_ENGINEERING_FIXTURE
2025-09-20,balmoral,Balmoral,13,18.3,true,SYNTHETIC_ENGINEERING_FIXTURE
2025-09-21,palm-beach,Palm Beach,42,18.2,true,SYNTHETIC_ENGINEERING_FIXTURE
2025-09-21,north-steyne,North Steyne,6,18.2,true,SYNTHETIC_ENGINEERING_FIXTURE
2025-09-21,bondi,Bondi,10,18.2,true,SYNTHETIC_ENGINEERING_FIXTURE
2025-09-21,coogee,Coogee,13,18.2,true,SYNTHETIC_ENGINEERING_FIXTURE
2025-09-21,cronulla,Cronulla,7,18.2,true,SYNTHETIC_ENGINEERING_FIXTURE
2025-09-21,balmoral,Balmoral,8,18.2,true,SYNTHETIC_ENGINEERING_FIXTURE
2025-09-22,palm-beach,Palm Beach,0,18.2,true,SYNTHETIC_ENGINEERING_FIXTURE
2025-09-22,north-steyne,North Steyne,3,18.2,true,SYNTHETIC_ENGINEERING_FIXTURE
2025-09-22,bondi,Bondi,5,18.2,true,SYNTHETIC_ENGINEERING_FIXTURE
2025-09-22,coogee,Coogee,5,18.2,true,SYNTHETIC_ENGINEERING_FIXTURE
2025-09-22,cronulla,Cronulla,4,18.2,true,SYNTHETIC_ENGINEERING_FIXTURE
2025-09-22,balmoral,Balmoral,5,18.2,true,SYNTHETIC_ENGINEERING_FIXTURE
2025-09-23,palm-beach,Palm Beach,6,18.1,true,SYNTHETIC_ENGINEERING_FIXTURE
2025-09-23,north-steyne,North Steyne,4,18.1,true,SYNTHETIC_ENGINEERING_FIXTURE
2025-09-23,bondi,Bondi,2,18.1,true,SYNTHETIC_ENGINEERING_FIXTURE
2025-09-23,coogee,Coogee,7,18.1,true,SYNTHETIC_ENGINEERING_FIXTURE
2025-09-23,cronulla,Cronulla,7,18.1,true,SYNTHETIC_ENGINEERING_FIXTURE
2025-09-23,balmoral,Balmoral,13,18.1,true,SYNTHETIC_ENGINEERING_FIXTURE
2025-09-24,palm-beach,Palm Beach,3,18.1,true,SYNTHETIC_ENGINEERING_FIXTURE
2025-09-24,north-steyne,North Steyne,22,18.1,true,SYNTHETIC_ENGINEERING_FIXTURE
2025-09-24,bondi,Bondi,43,18.1,true,SYNTHETIC_ENGINEERING_FIXTURE
2025-09-24,coogee,Coogee,20,18.1,true,SYNTHETIC_ENGINEERING_FIXTURE
2025-09-24,cronulla,Cronulla,9,18.1,true,SYNTHETIC_ENGINEERING_FIXTURE
2025-09-24,balmoral,Balmoral,3,18.1,true,SYNTHETIC_ENGINEERING_FIXTURE
2025-09-25,palm-beach,Palm Beach,3,18.0,true,SYNTHETIC_ENGINEERING_FIXTURE
2025-09-25,north-steyne,North Steyne,13,18.0,true,SYNTHETIC_ENGINEERING_FIXTURE
2025-09-25,bondi,Bondi,21,18.0,true,SYNTHETIC_ENGINEERING_FIXTURE
2025-09-25,coogee,Coogee,6,18.0,true,SYNTHETIC_ENGINEERING_FIXTURE
2025-09-25,cronulla,Cronulla,5,18.0,true,SYNTHETIC_ENGINEERING_FIXTURE
2025-09-25,balmoral,Balmoral,95,18.0,true,SYNTHETIC_ENGINEERING_FIXTURE
2025-09-26,palm-beach,Palm Beach,8,18.0,true,SYNTHETIC_ENGINEERING_FIXTURE
2025-09-26,north-steyne,North Steyne,11,18.0,true,SYNTHETIC_ENGINEERING_FIXTURE
2025-09-26,bondi,Bondi,14,18.0,true,SYNTHETIC_ENGINEERING_FIXTURE
2025-09-26,coogee,Coogee,1,18.0,true,SYNTHETIC_ENGINEERING_FIXTURE
2025-09-26,cronulla,Cronulla,4,18.0,true,SYNTHETIC_ENGINEERING_FIXTURE
2025-09-26,balmoral,Balmoral,4,18.0,true,SYNTHETIC_ENGINEERING_FIXTURE
2025-09-27,palm-beach,Palm Beach,4,17.9,true,SYNTHETIC_ENGINEERING_FIXTURE
2025-09-27,north-steyne,North Steyne,1,17.9,true,SYNTHETIC_ENGINEERING_FIXTURE
2025-09-27,bondi,Bondi,89,17.9,true,SYNTHETIC_ENGINEERING_FIXTURE
2025-09-27,coogee,Coogee,19,17.9,true,SYNTHETIC_ENGINEERING_FIXTURE
2025-09-27,cronulla,Cronulla,15,17.9,true,SYNTHETIC_ENGINEERING_FIXTURE
2025-09-27,balmoral,Balmoral,3,17.9,true,SYNTHETIC_ENGINEERING_FIXTURE
2025-09-28,palm-beach,Palm Beach,3,17.9,true,SYNTHETIC_ENGINEERING_FIXTURE
2025-09-28,north-steyne,North Steyne,6,17.9,true,SYNTHETIC_ENGINEERING_FIXTURE
2025-09-28,bondi,Bondi,2,17.9,true,SYNTHETIC_ENGINEERING_FIXTURE
2025-09-28,coogee,Coogee,22,17.9,true,SYNTHETIC_ENGINEERING_FIXTURE
2025-09-28,cronulla,Cronulla,15,17.9,true,SYNTHETIC_ENGINEERING_FIXTURE
2025-09-28,balmoral,Balmoral,7,17.9,true,SYNTHETIC_ENGINEERING_FIXTURE
2025-09-29,palm-beach,Palm Beach,9,17.8,true,SYNTHETIC_ENGINEERING_FIXTURE
2025-09-29,north-steyne,North Steyne,8,17.8,true,SYNTHETIC_ENGINEERING_FIXTURE
2025-09-29,bondi,Bondi,3,17.8,true,SYNTHETIC_ENGINEERING_FIXTURE
2025-09-29,coogee,Coogee,7,17.8,true,SYNTHETIC_ENGINEERING_FIXTURE
2025-09-29,cronulla,Cronulla,34,17.8,true,SYNTHETIC_ENGINEERING_FIXTURE
2025-09-29,balmoral,Balmoral,20,17.8,true,SYNTHETIC_ENGINEERING_FIXTURE
2025-09-30,palm-beach,Palm Beach,34,17.7,true,SYNTHETIC_ENGINEERING_FIXTURE
2025-09-30,north-steyne,North Steyne,6,17.7,true,SYNTHETIC_ENGINEERING_FIXTURE
2025-09-30,bondi,Bondi,13,17.7,true,SYNTHETIC_ENGINEERING_FIXTURE
2025-09-30,coogee,Coogee,5,17.7,true,SYNTHETIC_ENGINEERING_FIXTURE
2025-09-30,cronulla,Cronulla,6,17.7,true,SYNTHETIC_ENGINEERING_FIXTURE
2025-09-30,balmoral,Balmoral,2,17.7,true,SYNTHETIC_ENGINEERING_FIXTURE
2025-10-01,palm-beach,Palm Beach,19,17.7,true,SYNTHETIC_ENGINEERING_FIXTURE
2025-10-01,north-steyne,North Steyne,10,17.7,true,SYNTHETIC_ENGINEERING_FIXTURE
2025-10-01,bondi,Bondi,6,17.7,true,SYNTHETIC_ENGINEERING_FIXTURE
2025-10-01,coogee,Coogee,4,17.7,true,SYNTHETIC_ENGINEERING_FIXTURE
2025-10-01,cronulla,Cronulla,4,17.7,true,SYNTHETIC_ENGINEERING_FIXTURE
2025-10-01,balmoral,Balmoral,6,17.7,true,SYNTHETIC_ENGINEERING_FIXTURE
2025-10-02,palm-beach,Palm Beach,23,17.6,true,SYNTHETIC_ENGINEERING_FIXTURE
2025-10-02,north-steyne,North Steyne,5,17.6,true,SYNTHETIC_ENGINEERING_FIXTURE
2025-10-02,bondi,Bondi,18,17.6,true,SYNTHETIC_ENGINEERING_FIXTURE
2025-10-02,coogee,Coogee,10,17.6,true,SYNTHETIC_ENGINEERING_FIXTURE
2025-10-02,cronulla,Cronulla,1,17.6,true,SYNTHETIC_ENGINEERING_FIXTURE
2025-10-02,balmoral,Balmoral,7,17.6,true,SYNTHETIC_ENGINEERING_FIXTURE
2025-10-03,palm-beach,Palm Beach,3,17.6,true,SYNTHETIC_ENGINEERING_FIXTURE
2025-10-03,north-steyne,North Steyne,5,17.6,true,SYNTHETIC_ENGINEERING_FIXTURE
2025-10-03,bondi,Bondi,18,17.6,true,SYNTHETIC_ENGINEERING_FIXTURE
2025-10-03,coogee,Coogee,4,17.6,true,SYNTHETIC_ENGINEERING_FIXTURE
2025-10-03,cronulla,Cronulla,12,17.6,true,SYNTHETIC_ENGINEERING_FIXTURE
2025-10-03,balmoral,Balmoral,4,17.6,true,SYNTHETIC_ENGINEERING_FIXTURE
2025-10-04,palm-beach,Palm Beach,8,17.5,true,SYNTHETIC_ENGINEERING_FIXTURE
2025-10-04,north-steyne,North Steyne,19,17.5,true,SYNTHETIC_ENGINEERING_FIXTURE
2025-10-04,bondi,Bondi,19,17.5,true,SYNTHETIC_ENGINEERING_FIXTURE
2025-10-04,coogee,Coogee,1,17.5,true,SYNTHETIC_ENGINEERING_FIXTURE
2025-10-04,cronulla,Cronulla,21,17.5,true,SYNTHETIC_ENGINEERING_FIXTURE
2025-10-04,balmoral,Balmoral,7,17.5,true,SYNTHETIC_ENGINEERING_FIXTURE
2025-10-05,palm-beach,Palm Beach,7,17.5,true,SYNTHETIC_ENGINEERING_FIXTURE
2025-10-05,north-steyne,North Steyne,3,17.5,true,SYNTHETIC_ENGINEERING_FIXTURE
2025-10-05,bondi,Bondi,13,17.5,true,SYNTHETIC_ENGINEERING_FIXTURE
2025-10-05,coogee,Coogee,7,17.5,true,SYNTHETIC_ENGINEERING_FIXTURE
2025-10-05,cronulla,Cronulla,3,17.5,true,SYNTHETIC_ENGINEERING_FIXTURE
2025-10-05,balmoral,Balmoral,5,17.5,true,SYNTHETIC_ENGINEERING_FIXTURE
2025-10-06,palm-beach,Palm Beach,2,17.4,true,SYNTHETIC_ENGINEERING_FIXTURE
2025-10-06,north-steyne,North Steyne,21,17.4,true,SYNTHETIC_ENGINEERING_FIXTURE
2025-10-06,bondi,Bondi,37,17.4,true,SYNTHETIC_ENGINEERING_FIXTURE
2025-10-06,coogee,Coogee,3,17.4,true,SYNTHETIC_ENGINEERING_FIXTURE
2025-10-06,cronulla,Cronulla,12,17.4,true,SYNTHETIC_ENGINEERING_FIXTURE
2025-10-06,balmoral,Balmoral,5,17.4,true,SYNTHETIC_ENGINEERING_FIXTURE
2025-10-07,palm-beach,Palm Beach,5,17.4,true,SYNTHETIC_ENGINEERING_FIXTURE
2025-10-07,north-steyne,North Steyne,19,17.4,true,SYNTHETIC_ENGINEERING_FIXTURE
2025-10-07,bondi,Bondi,7,17.4,true,SYNTHETIC_ENGINEERING_FIXTURE
2025-10-07,coogee,Coogee,3,17.4,true,SYNTHETIC_ENGINEERING_FIXTURE
2025-10-07,cronulla,Cronulla,3,17.4,true,SYNTHETIC_ENGINEERING_FIXTURE
2025-10-07,balmoral,Balmoral,6,17.4,true,SYNTHETIC_ENGINEERING_FIXTURE
2025-10-08,palm-beach,Palm Beach,5,17.3,true,SYNTHETIC_ENGINEERING_FIXTURE
2025-10-08,north-steyne,North Steyne,20,17.3,true,SYNTHETIC_ENGINEERING_FIXTURE
2025-10-08,bondi,Bondi,4,17.3,true,SYNTHETIC_ENGINEERING_FIXTURE
2025-10-08,coogee,Coogee,9,17.3,true,SYNTHETIC_ENGINEERING_FIXTURE
2025-10-08,cronulla,Cronulla,5,17.3,true,SYNTHETIC_ENGINEERING_FIXTURE
2025-10-08,balmoral,Balmoral,28,17.3,true,SYNTHETIC_ENGINEERING_FIXTURE
2025-10-09,palm-beach,Palm Beach,3,17.3,true,SYNTHETIC_ENGINEERING_FIXTURE
2025-10-09,north-steyne,North Steyne,18,17.3,true,SYNTHETIC_ENGINEERING_FIXTURE
2025-10-09,bondi,Bondi,2,17.3,true,SYNTHETIC_ENGINEERING_FIXTURE
2025-10-09,coogee,Coogee,10,17.3,true,SYNTHETIC_ENGINEERING_FIXTURE
2025-10-09,cronulla,Cronulla,0,17.3,true,SYNTHETIC_ENGINEERING_FIXTURE
2025-10-09,balmoral,Balmoral,5,17.3,true,SYNTHETIC_ENGINEERING_FIXTURE
2025-10-10,palm-beach,Palm Beach,2,17.3,true,SYNTHETIC_ENGINEERING_FIXTURE
2025-10-10,north-steyne,North Steyne,3,17.3,true,SYNTHETIC_ENGINEERING_FIXTURE
2025-10-10,bondi,Bondi,5,17.3,true,SYNTHETIC_ENGINEERING_FIXTURE
2025-10-10,coogee,Coogee,14,17.3,true,SYNTHETIC_ENGINEERING_FIXTURE
2025-10-10,cronulla,Cronulla,12,17.3,true,SYNTHETIC_ENGINEERING_FIXTURE
2025-10-10,balmoral,Balmoral,10,17.3,true,SYNTHETIC_ENGINEERING_FIXTURE
2025-10-11,palm-beach,Palm Beach,5,17.2,true,SYNTHETIC_ENGINEERING_FIXTURE
2025-10-11,north-steyne,North Steyne,32,17.2,true,SYNTHETIC_ENGINEERING_FIXTURE
2025-10-11,bondi,Bondi,2,17.2,true,SYNTHETIC_ENGINEERING_FIXTURE
2025-10-11,coogee,Coogee,17,17.2,true,SYNTHETIC_ENGINEERING_FIXTURE
2025-10-11,cronulla,Cronulla,29,17.2,true,SYNTHETIC_ENGINEERING_FIXTURE
2025-10-11,balmoral,Balmoral,8,17.2,true,SYNTHETIC_ENGINEERING_FIXTURE
2025-10-12,palm-beach,Palm Beach,4,17.2,true,SYNTHETIC_ENGINEERING_FIXTURE
2025-10-12,north-steyne,North Steyne,2,17.2,true,SYNTHETIC_ENGINEERING_FIXTURE
2025-10-12,bondi,Bondi,9,17.2,true,SYNTHETIC_ENGINEERING_FIXTURE
2025-10-12,coogee,Coogee,11,17.2,true,SYNTHETIC_ENGINEERING_FIXTURE
2025-10-12,cronulla,Cronulla,10,17.2,true,SYNTHETIC_ENGINEERING_FIXTURE
2025-10-12,balmoral,Balmoral,6,17.2,true,SYNTHETIC_ENGINEERING_FIXTURE
2025-10-13,palm-beach,Palm Beach,4,17.1,true,SYNTHETIC_ENGINEERING_FIXTURE
2025-10-13,north-steyne,North Steyne,6,17.1,true,SYNTHETIC_ENGINEERING_FIXTURE
2025-10-13,bondi,Bondi,56,17.1,true,SYNTHETIC_ENGINEERING_FIXTURE
2025-10-13,coogee,Coogee,15,17.1,true,SYNTHETIC_ENGINEERING_FIXTURE
2025-10-13,cronulla,Cronulla,4,17.1,true,SYNTHETIC_ENGINEERING_FIXTURE
2025-10-13,balmoral,Balmoral,21,17.1,true,SYNTHETIC_ENGINEERING_FIXTURE
2025-10-14,palm-beach,Palm Beach,3,17.1,true,SYNTHETIC_ENGINEERING_FIXTURE
2025-10-14,north-steyne,North Steyne,6,17.1,true,SYNTHETIC_ENGINEERING_FIXTURE
2025-10-14,bondi,Bondi,1,17.1,true,SYNTHETIC_ENGINEERING_FIXTURE
2025-10-14,coogee,Coogee,13,17.1,true,SYNTHETIC_ENGINEERING_FIXTURE
2025-10-14,cronulla,Cronulla,8,17.1,true,SYNTHETIC_ENGINEERING_FIXTURE
2025-10-14,balmoral,Balmoral,3,17.1,true,SYNTHETIC_ENGINEERING_FIXTURE
2025-10-15,palm-beach,Palm Beach,45,17.0,true,SYNTHETIC_ENGINEERING_FIXTURE
2025-10-15,north-steyne,North Steyne,7,17.0,true,SYNTHETIC_ENGINEERING_FIXTURE
2025-10-15,bondi,Bondi,7,17.0,true,SYNTHETIC_ENGINEERING_FIXTURE
2025-10-15,coogee,Coogee,8,17.0,true,SYNTHETIC_ENGINEERING_FIXTURE
2025-10-15,cronulla,Cronulla,1,17.0,true,SYNTHETIC_ENGINEERING_FIXTURE
2025-10-15,balmoral,Balmoral,9,17.0,true,SYNTHETIC_ENGINEERING_FIXTURE
2025-10-16,palm-beach,Palm Beach,10,17.0,true,SYNTHETIC_ENGINEERING_FIXTURE
2025-10-16,north-steyne,North Steyne,12,17.0,true,SYNTHETIC_ENGINEERING_FIXTURE
2025-10-16,bondi,Bondi,4,17.0,true,SYNTHETIC_ENGINEERING_FIXTURE
2025-10-16,coogee,Coogee,6,17.0,true,SYNTHETIC_ENGINEERING_FIXTURE
2025-10-16,cronulla,Cronulla,4,17.0,true,SYNTHETIC_ENGINEERING_FIXTURE
2025-10-16,balmoral,Balmoral,8,17.0,true,SYNTHETIC_ENGINEERING_FIXTURE
2025-10-17,palm-beach,Palm Beach,3,16.9,true,SYNTHETIC_ENGINEERING_FIXTURE
2025-10-17,north-steyne,North Steyne,12,16.9,true,SYNTHETIC_ENGINEERING_FIXTURE
2025-10-17,bondi,Bondi,2,16.9,true,SYNTHETIC_ENGINEERING_FIXTURE
2025-10-17,coogee,Coogee,8,16.9,true,SYNTHETIC_ENGINEERING_FIXTURE
2025-10-17,cronulla,Cronulla,5,16.9,true,SYNTHETIC_ENGINEERING_FIXTURE
2025-10-17,balmoral,Balmoral,23,16.9,true,SYNTHETIC_ENGINEERING_FIXTURE
2025-10-18,palm-beach,Palm Beach,3,16.9,true,SYNTHETIC_ENGINEERING_FIXTURE
2025-10-18,north-steyne,North Steyne,5,16.9,true,SYNTHETIC_ENGINEERING_FIXTURE
2025-10-18,bondi,Bondi,1,16.9,true,SYNTHETIC_ENGINEERING_FIXTURE
2025-10-18,coogee,Coogee,4,16.9,true,SYNTHETIC_ENGINEERING_FIXTURE
2025-10-18,cronulla,Cronulla,1,16.9,true,SYNTHETIC_ENGINEERING_FIXTURE
2025-10-18,balmoral,Balmoral,9,16.9,true,SYNTHETIC_ENGINEERING_FIXTURE
2025-10-19,palm-beach,Palm Beach,3,16.9,true,SYNTHETIC_ENGINEERING_FIXTURE
2025-10-19,north-steyne,North Steyne,2,16.9,true,SYNTHETIC_ENGINEERING_FIXTURE
2025-10-19,bondi,Bondi,2,16.9,true,SYNTHETIC_ENGINEERING_FIXTURE
2025-10-19,coogee,Coogee,2,16.9,true,SYNTHETIC_ENGINEERING_FIXTURE
2025-10-19,cronulla,Cronulla,8,16.9,true,SYNTHETIC_ENGINEERING_FIXTURE
2025-10-19,balmoral,Balmoral,3,16.9,true,SYNTHETIC_ENGINEERING_FIXTURE
2025-10-20,palm-beach,Palm Beach,12,16.8,true,SYNTHETIC_ENGINEERING_FIXTURE
2025-10-20,north-steyne,North Steyne,9,16.8,true,SYNTHETIC_ENGINEERING_FIXTURE
2025-10-20,bondi,Bondi,6,16.8,true,SYNTHETIC_ENGINEERING_FIXTURE
2025-10-20,coogee,Coogee,19,16.8,true,SYNTHETIC_ENGINEERING_FIXTURE
2025-10-20,cronulla,Cronulla,35,16.8,true,SYNTHETIC_ENGINEERING_FIXTURE
2025-10-20,balmoral,Balmoral,2,16.8,true,SYNTHETIC_ENGINEERING_FIXTURE
2025-10-21,palm-beach,Palm Beach,9,16.8,true,SYNTHETIC_ENGINEERING_FIXTURE
2025-10-21,north-steyne,North Steyne,6,16.8,true,SYNTHETIC_ENGINEERING_FIXTURE
2025-10-21,bondi,Bondi,10,16.8,true,SYNTHETIC_ENGINEERING_FIXTURE
2025-10-21,coogee,Coogee,3,16.8,true,SYNTHETIC_ENGINEERING_FIXTURE
2025-10-21,cronulla,Cronulla,11,16.8,true,SYNTHETIC_ENGINEERING_FIXTURE
2025-10-21,balmoral,Balmoral,9,16.8,true,SYNTHETIC_ENGINEERING_FIXTURE
2025-10-22,palm-beach,Palm Beach,4,16.8,true,SYNTHETIC_ENGINEERING_FIXTURE
2025-10-22,north-steyne,North Steyne,24,16.8,true,SYNTHETIC_ENGINEERING_FIXTURE
2025-10-22,bondi,Bondi,19,16.8,true,SYNTHETIC_ENGINEERING_FIXTURE
2025-10-22,coogee,Coogee,8,16.8,true,SYNTHETIC_ENGINEERING_FIXTURE
2025-10-22,cronulla,Cronulla,3,16.8,true,SYNTHETIC_ENGINEERING_FIXTURE
2025-10-22,balmoral,Balmoral,1,16.8,true,SYNTHETIC_ENGINEERING_FIXTURE
2025-10-23,palm-beach,Palm Beach,18,16.7,true,SYNTHETIC_ENGINEERING_FIXTURE
2025-10-23,north-steyne,North Steyne,12,16.7,true,SYNTHETIC_ENGINEERING_FIXTURE
2025-10-23,bondi,Bondi,10,16.7,true,SYNTHETIC_ENGINEERING_FIXTURE
2025-10-23,coogee,Coogee,6,16.7,true,SYNTHETIC_ENGINEERING_FIXTURE
2025-10-23,cronulla,Cronulla,6,16.7,true,SYNTHETIC_ENGINEERING_FIXTURE
2025-10-23,balmoral,Balmoral,27,16.7,true,SYNTHETIC_ENGINEERING_FIXTURE
2025-10-24,palm-beach,Palm Beach,28,16.7,true,SYNTHETIC_ENGINEERING_FIXTURE
2025-10-24,north-steyne,North Steyne,3,16.7,true,SYNTHETIC_ENGINEERING_FIXTURE
2025-10-24,bondi,Bondi,12,16.7,true,SYNTHETIC_ENGINEERING_FIXTURE
2025-10-24,coogee,Coogee,11,16.7,true,SYNTHETIC_ENGINEERING_FIXTURE
2025-10-24,cronulla,Cronulla,2,16.7,true,SYNTHETIC_ENGINEERING_FIXTURE
2025-10-24,balmoral,Balmoral,0,16.7,true,SYNTHETIC_ENGINEERING_FIXTURE
2025-10-25,palm-beach,Palm Beach,0,16.6,true,SYNTHETIC_ENGINEERING_FIXTURE
2025-10-25,north-steyne,North Steyne,9,16.6,true,SYNTHETIC_ENGINEERING_FIXTURE
2025-10-25,bondi,Bondi,45,16.6,true,SYNTHETIC_ENGINEERING_FIXTURE
2025-10-25,coogee,Coogee,1,16.6,true,SYNTHETIC_ENGINEERING_FIXTURE
2025-10-25,cronulla,Cronulla,8,16.6,true,SYNTHETIC_ENGINEERING_FIXTURE
2025-10-25,balmoral,Balmoral,9,16.6,true,SYNTHETIC_ENGINEERING_FIXTURE
2025-10-26,palm-beach,Palm Beach,1,16.6,true,SYNTHETIC_ENGINEERING_FIXTURE
2025-10-26,north-steyne,North Steyne,17,16.6,true,SYNTHETIC_ENGINEERING_FIXTURE
2025-10-26,bondi,Bondi,21,16.6,true,SYNTHETIC_ENGINEERING_FIXTURE
2025-10-26,coogee,Coogee,5,16.6,true,SYNTHETIC_ENGINEERING_FIXTURE
2025-10-26,cronulla,Cronulla,15,16.6,true,SYNTHETIC_ENGINEERING_FIXTURE
2025-10-26,balmoral,Balmoral,4,16.6,true,SYNTHETIC_ENGINEERING_FIXTURE
2025-10-27,palm-beach,Palm Beach,21,16.6,true,SYNTHETIC_ENGINEERING_FIXTURE
2025-10-27,north-steyne,North Steyne,2,16.6,true,SYNTHETIC_ENGINEERING_FIXTURE
2025-10-27,bondi,Bondi,5,16.6,true,SYNTHETIC_ENGINEERING_FIXTURE
2025-10-27,coogee,Coogee,5,16.6,true,SYNTHETIC_ENGINEERING_FIXTURE
2025-10-27,cronulla,Cronulla,8,16.6,true,SYNTHETIC_ENGINEERING_FIXTURE
2025-10-27,balmoral,Balmoral,11,16.6,true,SYNTHETIC_ENGINEERING_FIXTURE
2025-10-28,palm-beach,Palm Beach,1,16.5,true,SYNTHETIC_ENGINEERING_FIXTURE
2025-10-28,north-steyne,North Steyne,6,16.5,true,SYNTHETIC_ENGINEERING_FIXTURE
2025-10-28,bondi,Bondi,12,16.5,true,SYNTHETIC_ENGINEERING_FIXTURE
2025-10-28,coogee,Coogee,1,16.5,true,SYNTHETIC_ENGINEERING_FIXTURE
2025-10-28,cronulla,Cronulla,7,16.5,true,SYNTHETIC_ENGINEERING_FIXTURE
2025-10-28,balmoral,Balmoral,4,16.5,true,SYNTHETIC_ENGINEERING_FIXTURE
2025-10-29,palm-beach,Palm Beach,31,16.5,true,SYNTHETIC_ENGINEERING_FIXTURE
2025-10-29,north-steyne,North Steyne,3,16.5,true,SYNTHETIC_ENGINEERING_FIXTURE
2025-10-29,bondi,Bondi,56,16.5,true,SYNTHETIC_ENGINEERING_FIXTURE
2025-10-29,coogee,Coogee,0,16.5,true,SYNTHETIC_ENGINEERING_FIXTURE
2025-10-29,cronulla,Cronulla,12,16.5,true,SYNTHETIC_ENGINEERING_FIXTURE
2025-10-29,balmoral,Balmoral,21,16.5,true,SYNTHETIC_ENGINEERING_FIXTURE
2025-10-30,palm-beach,Palm Beach,21,16.5,true,SYNTHETIC_ENGINEERING_FIXTURE
2025-10-30,north-steyne,North Steyne,2,16.5,true,SYNTHETIC_ENGINEERING_FIXTURE
2025-10-30,bondi,Bondi,1,16.5,true,SYNTHETIC_ENGINEERING_FIXTURE
2025-10-30,coogee,Coogee,17,16.5,true,SYNTHETIC_ENGINEERING_FIXTURE
2025-10-30,cronulla,Cronulla,16,16.5,true,SYNTHETIC_ENGINEERING_FIXTURE
2025-10-30,balmoral,Balmoral,49,16.5,true,SYNTHETIC_ENGINEERING_FIXTURE
2025-10-31,palm-beach,Palm Beach,61,16.4,true,SYNTHETIC_ENGINEERING_FIXTURE
2025-10-31,north-steyne,North Steyne,1,16.4,true,SYNTHETIC_ENGINEERING_FIXTURE
2025-10-31,bondi,Bondi,110,16.4,true,SYNTHETIC_ENGINEERING_FIXTURE
2025-10-31,coogee,Coogee,4,16.4,true,SYNTHETIC_ENGINEERING_FIXTURE
2025-10-31,cronulla,Cronulla,2,16.4,true,SYNTHETIC_ENGINEERING_FIXTURE
2025-10-31,balmoral,Balmoral,0,16.4,true,SYNTHETIC_ENGINEERING_FIXTURE
2025-11-01,palm-beach,Palm Beach,75,16.4,true,SYNTHETIC_ENGINEERING_FIXTURE
2025-11-01,north-steyne,North Steyne,15,16.4,true,SYNTHETIC_ENGINEERING_FIXTURE
2025-11-01,bondi,Bondi,2,16.4,true,SYNTHETIC_ENGINEERING_FIXTURE
2025-11-01,coogee,Coogee,10,16.4,true,SYNTHETIC_ENGINEERING_FIXTURE
2025-11-01,cronulla,Cronulla,6,16.4,true,SYNTHETIC_ENGINEERING_FIXTURE
2025-11-01,balmoral,Balmoral,47,16.4,true,SYNTHETIC_ENGINEERING_FIXTURE
2025-11-02,palm-beach,Palm Beach,3,16.4,true,SYNTHETIC_ENGINEERING_FIXTURE
2025-11-02,north-steyne,North Steyne,2,16.4,true,SYNTHETIC_ENGINEERING_FIXTURE
2025-11-02,bondi,Bondi,36,16.4,true,SYNTHETIC_ENGINEERING_FIXTURE
2025-11-02,coogee,Coogee,14,16.4,true,SYNTHETIC_ENGINEERING_FIXTURE
2025-11-02,cronulla,Cronulla,6,16.4,true,SYNTHETIC_ENGINEERING_FIXTURE
2025-11-02,balmoral,Balmoral,26,16.4,true,SYNTHETIC_ENGINEERING_FIXTURE
2025-11-03,palm-beach,Palm Beach,2,16.4,true,SYNTHETIC_ENGINEERING_FIXTURE
2025-11-03,north-steyne,North Steyne,6,16.4,true,SYNTHETIC_ENGINEERING_FIXTURE
2025-11-03,bondi,Bondi,34,16.4,true,SYNTHETIC_ENGINEERING_FIXTURE
2025-11-03,coogee,Coogee,12,16.4,true,SYNTHETIC_ENGINEERING_FIXTURE
2025-11-03,cronulla,Cronulla,8,16.4,true,SYNTHETIC_ENGINEERING_FIXTURE
2025-11-03,balmoral,Balmoral,20,16.4,true,SYNTHETIC_ENGINEERING_FIXTURE
2025-11-04,palm-beach,Palm Beach,1,16.3,true,SYNTHETIC_ENGINEERING_FIXTURE
2025-11-04,north-steyne,North Steyne,6,16.3,true,SYNTHETIC_ENGINEERING_FIXTURE
2025-11-04,bondi,Bondi,2,16.3,true,SYNTHETIC_ENGINEERING_FIXTURE
2025-11-04,coogee,Coogee,14,16.3,true,SYNTHETIC_ENGINEERING_FIXTURE
2025-11-04,cronulla,Cronulla,18,16.3,true,SYNTHETIC_ENGINEERING_FIXTURE
2025-11-04,balmoral,Balmoral,15,16.3,true,SYNTHETIC_ENGINEERING_FIXTURE
2025-11-05,palm-beach,Palm Beach,4,16.3,true,SYNTHETIC_ENGINEERING_FIXTURE
2025-11-05,north-steyne,North Steyne,1,16.3,true,SYNTHETIC_ENGINEERING_FIXTURE
2025-11-05,bondi,Bondi,1,16.3,true,SYNTHETIC_ENGINEERING_FIXTURE
2025-11-05,coogee,Coogee,4,16.3,true,SYNTHETIC_ENGINEERING_FIXTURE
2025-11-05,cronulla,Cronulla,2,16.3,true,SYNTHETIC_ENGINEERING_FIXTURE
2025-11-05,balmoral,Balmoral,8,16.3,true,SYNTHETIC_ENGINEERING_FIXTURE
2025-11-06,palm-beach,Palm Beach,10,16.3,true,SYNTHETIC_ENGINEERING_FIXTURE
2025-11-06,north-steyne,North Steyne,11,16.3,true,SYNTHETIC_ENGINEERING_FIXTURE
2025-11-06,bondi,Bondi,6,16.3,true,SYNTHETIC_ENGINEERING_FIXTURE
2025-11-06,coogee,Coogee,59,16.3,true,SYNTHETIC_ENGINEERING_FIXTURE
2025-11-06,cronulla,Cronulla,5,16.3,true,SYNTHETIC_ENGINEERING_FIXTURE
2025-11-06,balmoral,Balmoral,8,16.3,true,SYNTHETIC_ENGINEERING_FIXTURE
2025-11-07,palm-beach,Palm Beach,6,16.3,true,SYNTHETIC_ENGINEERING_FIXTURE
2025-11-07,north-steyne,North Steyne,2,16.3,true,SYNTHETIC_ENGINEERING_FIXTURE
2025-11-07,bondi,Bondi,24,16.3,true,SYNTHETIC_ENGINEERING_FIXTURE
2025-11-07,coogee,Coogee,26,16.3,true,SYNTHETIC_ENGINEERING_FIXTURE
2025-11-07,cronulla,Cronulla,5,16.3,true,SYNTHETIC_ENGINEERING_FIXTURE
2025-11-07,balmoral,Balmoral,12,16.3,true,SYNTHETIC_ENGINEERING_FIXTURE
2025-11-08,palm-beach,Palm Beach,3,16.2,true,SYNTHETIC_ENGINEERING_FIXTURE
2025-11-08,north-steyne,North Steyne,14,16.2,true,SYNTHETIC_ENGINEERING_FIXTURE
2025-11-08,bondi,Bondi,3,16.2,true,SYNTHETIC_ENGINEERING_FIXTURE
2025-11-08,coogee,Coogee,9,16.2,true,SYNTHETIC_ENGINEERING_FIXTURE
2025-11-08,cronulla,Cronulla,13,16.2,true,SYNTHETIC_ENGINEERING_FIXTURE
2025-11-08,balmoral,Balmoral,3,16.2,true,SYNTHETIC_ENGINEERING_FIXTURE
2025-11-09,palm-beach,Palm Beach,5,16.2,true,SYNTHETIC_ENGINEERING_FIXTURE
2025-11-09,north-steyne,North Steyne,22,16.2,true,SYNTHETIC_ENGINEERING_FIXTURE
2025-11-09,bondi,Bondi,2,16.2,true,SYNTHETIC_ENGINEERING_FIXTURE
2025-11-09,coogee,Coogee,65,16.2,true,SYNTHETIC_ENGINEERING_FIXTURE
2025-11-09,cronulla,Cronulla,4,16.2,true,SYNTHETIC_ENGINEERING_FIXTURE
2025-11-09,balmoral,Balmoral,6,16.2,true,SYNTHETIC_ENGINEERING_FIXTURE
2025-11-10,palm-beach,Palm Beach,2,16.2,true,SYNTHETIC_ENGINEERING_FIXTURE
2025-11-10,north-steyne,North Steyne,54,16.2,true,SYNTHETIC_ENGINEERING_FIXTURE
2025-11-10,bondi,Bondi,16,16.2,true,SYNTHETIC_ENGINEERING_FIXTURE
2025-11-10,coogee,Coogee,25,16.2,true,SYNTHETIC_ENGINEERING_FIXTURE
2025-11-10,cronulla,Cronulla,0,16.2,true,SYNTHETIC_ENGINEERING_FIXTURE
2025-11-10,balmoral,Balmoral,9,16.2,true,SYNTHETIC_ENGINEERING_FIXTURE
2025-11-11,palm-beach,Palm Beach,18,16.2,true,SYNTHETIC_ENGINEERING_FIXTURE
2025-11-11,north-steyne,North Steyne,3,16.2,true,SYNTHETIC_ENGINEERING_FIXTURE
2025-11-11,bondi,Bondi,4,16.2,true,SYNTHETIC_ENGINEERING_FIXTURE
2025-11-11,coogee,Coogee,15,16.2,true,SYNTHETIC_ENGINEERING_FIXTURE
2025-11-11,cronulla,Cronulla,1,16.2,true,SYNTHETIC_ENGINEERING_FIXTURE
2025-11-11,balmoral,Balmoral,13,16.2,true,SYNTHETIC_ENGINEERING_FIXTURE
2025-11-12,palm-beach,Palm Beach,9,16.2,true,SYNTHETIC_ENGINEERING_FIXTURE
2025-11-12,north-steyne,North Steyne,7,16.2,true,SYNTHETIC_ENGINEERING_FIXTURE
2025-11-12,bondi,Bondi,23,16.2,true,SYNTHETIC_ENGINEERING_FIXTURE
2025-11-12,coogee,Coogee,12,16.2,true,SYNTHETIC_ENGINEERING_FIXTURE
2025-11-12,cronulla,Cronulla,2,16.2,true,SYNTHETIC_ENGINEERING_FIXTURE
2025-11-12,balmoral,Balmoral,5,16.2,true,SYNTHETIC_ENGINEERING_FIXTURE
2025-11-13,palm-beach,Palm Beach,5,16.1,true,SYNTHETIC_ENGINEERING_FIXTURE
2025-11-13,north-steyne,North Steyne,28,16.1,true,SYNTHETIC_ENGINEERING_FIXTURE
2025-11-13,bondi,Bondi,5,16.1,true,SYNTHETIC_ENGINEERING_FIXTURE
2025-11-13,coogee,Coogee,7,16.1,true,SYNTHETIC_ENGINEERING_FIXTURE
2025-11-13,cronulla,Cronulla,3,16.1,true,SYNTHETIC_ENGINEERING_FIXTURE
2025-11-13,balmoral,Balmoral,16,16.1,true,SYNTHETIC_ENGINEERING_FIXTURE
2025-11-14,palm-beach,Palm Beach,5,16.1,true,SYNTHETIC_ENGINEERING_FIXTURE
2025-11-14,north-steyne,North Steyne,8,16.1,true,SYNTHETIC_ENGINEERING_FIXTURE
2025-11-14,bondi,Bondi,1,16.1,true,SYNTHETIC_ENGINEERING_FIXTURE
2025-11-14,coogee,Coogee,20,16.1,true,SYNTHETIC_ENGINEERING_FIXTURE
2025-11-14,cronulla,Cronulla,4,16.1,true,SYNTHETIC_ENGINEERING_FIXTURE
2025-11-14,balmoral,Balmoral,21,16.1,true,SYNTHETIC_ENGINEERING_FIXTURE
2025-11-15,palm-beach,Palm Beach,5,16.1,true,SYNTHETIC_ENGINEERING_FIXTURE
2025-11-15,north-steyne,North Steyne,12,16.1,true,SYNTHETIC_ENGINEERING_FIXTURE
2025-11-15,bondi,Bondi,19,16.1,true,SYNTHETIC_ENGINEERING_FIXTURE
2025-11-15,coogee,Coogee,61,16.1,true,SYNTHETIC_ENGINEERING_FIXTURE
2025-11-15,cronulla,Cronulla,19,16.1,true,SYNTHETIC_ENGINEERING_FIXTURE
2025-11-15,balmoral,Balmoral,7,16.1,true,SYNTHETIC_ENGINEERING_FIXTURE
2025-11-16,palm-beach,Palm Beach,73,16.1,true,SYNTHETIC_ENGINEERING_FIXTURE
2025-11-16,north-steyne,North Steyne,1,16.1,true,SYNTHETIC_ENGINEERING_FIXTURE
2025-11-16,bondi,Bondi,0,16.1,true,SYNTHETIC_ENGINEERING_FIXTURE
2025-11-16,coogee,Coogee,4,16.1,true,SYNTHETIC_ENGINEERING_FIXTURE
2025-11-16,cronulla,Cronulla,7,16.1,true,SYNTHETIC_ENGINEERING_FIXTURE
2025-11-16,balmoral,Balmoral,4,16.1,true,SYNTHETIC_ENGINEERING_FIXTURE
2025-11-17,palm-beach,Palm Beach,9,16.1,true,SYNTHETIC_ENGINEERING_FIXTURE
2025-11-17,north-steyne,North Steyne,6,16.1,true,SYNTHETIC_ENGINEERING_FIXTURE
2025-11-17,bondi,Bondi,34,16.1,true,SYNTHETIC_ENGINEERING_FIXTURE
2025-11-17,coogee,Coogee,0,16.1,true,SYNTHETIC_ENGINEERING_FIXTURE
2025-11-17,cronulla,Cronulla,7,16.1,true,SYNTHETIC_ENGINEERING_FIXTURE
2025-11-17,balmoral,Balmoral,5,16.1,true,SYNTHETIC_ENGINEERING_FIXTURE
2025-11-18,palm-beach,Palm Beach,5,16.1,true,SYNTHETIC_ENGINEERING_FIXTURE
2025-11-18,north-steyne,North Steyne,9,16.1,true,SYNTHETIC_ENGINEERING_FIXTURE
2025-11-18,bondi,Bondi,9,16.1,true,SYNTHETIC_ENGINEERING_FIXTURE
2025-11-18,coogee,Coogee,27,16.1,true,SYNTHETIC_ENGINEERING_FIXTURE
2025-11-18,cronulla,Cronulla,16,16.1,true,SYNTHETIC_ENGINEERING_FIXTURE
2025-11-18,balmoral,Balmoral,17,16.1,true,SYNTHETIC_ENGINEERING_FIXTURE
2025-11-19,palm-beach,Palm Beach,3,16.1,true,SYNTHETIC_ENGINEERING_FIXTURE
2025-11-19,north-steyne,North Steyne,1,16.1,true,SYNTHETIC_ENGINEERING_FIXTURE
2025-11-19,bondi,Bondi,3,16.1,true,SYNTHETIC_ENGINEERING_FIXTURE
2025-11-19,coogee,Coogee,1,16.1,true,SYNTHETIC_ENGINEERING_FIXTURE
2025-11-19,cronulla,Cronulla,9,16.1,true,SYNTHETIC_ENGINEERING_FIXTURE
2025-11-19,balmoral,Balmoral,25,16.1,true,SYNTHETIC_ENGINEERING_FIXTURE
2025-11-20,palm-beach,Palm Beach,4,16.0,true,SYNTHETIC_ENGINEERING_FIXTURE
2025-11-20,north-steyne,North Steyne,7,16.0,true,SYNTHETIC_ENGINEERING_FIXTURE
2025-11-20,bondi,Bondi,2,16.0,true,SYNTHETIC_ENGINEERING_FIXTURE
2025-11-20,coogee,Coogee,2,16.0,true,SYNTHETIC_ENGINEERING_FIXTURE
2025-11-20,cronulla,Cronulla,10,16.0,true,SYNTHETIC_ENGINEERING_FIXTURE
2025-11-20,balmoral,Balmoral,1,16.0,true,SYNTHETIC_ENGINEERING_FIXTURE
2025-11-21,palm-beach,Palm Beach,5,16.0,true,SYNTHETIC_ENGINEERING_FIXTURE
2025-11-21,north-steyne,North Steyne,15,16.0,true,SYNTHETIC_ENGINEERING_FIXTURE
2025-11-21,bondi,Bondi,6,16.0,true,SYNTHETIC_ENGINEERING_FIXTURE
2025-11-21,coogee,Coogee,56,16.0,true,SYNTHETIC_ENGINEERING_FIXTURE
2025-11-21,cronulla,Cronulla,40,16.0,true,SYNTHETIC_ENGINEERING_FIXTURE
2025-11-21,balmoral,Balmoral,10,16.0,true,SYNTHETIC_ENGINEERING_FIXTURE
2025-11-22,palm-beach,Palm Beach,4,16.0,true,SYNTHETIC_ENGINEERING_FIXTURE
2025-11-22,north-steyne,North Steyne,5,16.0,true,SYNTHETIC_ENGINEERING_FIXTURE
2025-11-22,bondi,Bondi,7,16.0,true,SYNTHETIC_ENGINEERING_FIXTURE
2025-11-22,coogee,Coogee,5,16.0,true,SYNTHETIC_ENGINEERING_FIXTURE
2025-11-22,cronulla,Cronulla,49,16.0,true,SYNTHETIC_ENGINEERING_FIXTURE
2025-11-22,balmoral,Balmoral,1,16.0,true,SYNTHETIC_ENGINEERING_FIXTURE
2025-11-23,palm-beach,Palm Beach,5,16.0,true,SYNTHETIC_ENGINEERING_FIXTURE
2025-11-23,north-steyne,North Steyne,5,16.0,true,SYNTHETIC_ENGINEERING_FIXTURE
2025-11-23,bondi,Bondi,89,16.0,true,SYNTHETIC_ENGINEERING_FIXTURE
2025-11-23,coogee,Coogee,5,16.0,true,SYNTHETIC_ENGINEERING_FIXTURE
2025-11-23,cronulla,Cronulla,33,16.0,true,SYNTHETIC_ENGINEERING_FIXTURE
2025-11-23,balmoral,Balmoral,5,16.0,true,SYNTHETIC_ENGINEERING_FIXTURE
2025-11-24,palm-beach,Palm Beach,5,16.0,true,SYNTHETIC_ENGINEERING_FIXTURE
2025-11-24,north-steyne,North Steyne,4,16.0,true,SYNTHETIC_ENGINEERING_FIXTURE
2025-11-24,bondi,Bondi,5,16.0,true,SYNTHETIC_ENGINEERING_FIXTURE
2025-11-24,coogee,Coogee,44,16.0,true,SYNTHETIC_ENGINEERING_FIXTURE
2025-11-24,cronulla,Cronulla,8,16.0,true,SYNTHETIC_ENGINEERING_FIXTURE
2025-11-24,balmoral,Balmoral,5,16.0,true,SYNTHETIC_ENGINEERING_FIXTURE
2025-11-25,palm-beach,Palm Beach,4,16.0,true,SYNTHETIC_ENGINEERING_FIXTURE
2025-11-25,north-steyne,North Steyne,9,16.0,true,SYNTHETIC_ENGINEERING_FIXTURE
2025-11-25,bondi,Bondi,29,16.0,true,SYNTHETIC_ENGINEERING_FIXTURE
2025-11-25,coogee,Coogee,31,16.0,true,SYNTHETIC_ENGINEERING_FIXTURE
2025-11-25,cronulla,Cronulla,53,16.0,true,SYNTHETIC_ENGINEERING_FIXTURE
2025-11-25,balmoral,Balmoral,4,16.0,true,SYNTHETIC_ENGINEERING_FIXTURE
2025-11-26,palm-beach,Palm Beach,7,16.0,true,SYNTHETIC_ENGINEERING_FIXTURE
2025-11-26,north-steyne,North Steyne,25,16.0,true,SYNTHETIC_ENGINEERING_FIXTURE
2025-11-26,bondi,Bondi,9,16.0,true,SYNTHETIC_ENGINEERING_FIXTURE
2025-11-26,coogee,Coogee,9,16.0,true,SYNTHETIC_ENGINEERING_FIXTURE
2025-11-26,cronulla,Cronulla,12,16.0,true,SYNTHETIC_ENGINEERING_FIXTURE
2025-11-26,balmoral,Balmoral,7,16.0,true,SYNTHETIC_ENGINEERING_FIXTURE
2025-11-27,palm-beach,Palm Beach,7,16.0,true,SYNTHETIC_ENGINEERING_FIXTURE
2025-11-27,north-steyne,North Steyne,1,16.0,true,SYNTHETIC_ENGINEERING_FIXTURE
2025-11-27,bondi,Bondi,11,16.0,true,SYNTHETIC_ENGINEERING_FIXTURE
2025-11-27,coogee,Coogee,1,16.0,true,SYNTHETIC_ENGINEERING_FIXTURE
2025-11-27,cronulla,Cronulla,7,16.0,true,SYNTHETIC_ENGINEERING_FIXTURE
2025-11-27,balmoral,Balmoral,9,16.0,true,SYNTHETIC_ENGINEERING_FIXTURE
2025-11-28,palm-beach,Palm Beach,3,16.0,true,SYNTHETIC_ENGINEERING_FIXTURE
2025-11-28,north-steyne,North Steyne,7,16.0,true,SYNTHETIC_ENGINEERING_FIXTURE
2025-11-28,bondi,Bondi,14,16.0,true,SYNTHETIC_ENGINEERING_FIXTURE
2025-11-28,coogee,Coogee,28,16.0,true,SYNTHETIC_ENGINEERING_FIXTURE
2025-11-28,cronulla,Cronulla,15,16.0,true,SYNTHETIC_ENGINEERING_FIXTURE
2025-11-28,balmoral,Balmoral,5,16.0,true,SYNTHETIC_ENGINEERING_FIXTURE
2025-11-29,palm-beach,Palm Beach,15,16.0,true,SYNTHETIC_ENGINEERING_FIXTURE
2025-11-29,north-steyne,North Steyne,4,16.0,true,SYNTHETIC_ENGINEERING_FIXTURE
2025-11-29,bondi,Bondi,17,16.0,true,SYNTHETIC_ENGINEERING_FIXTURE
2025-11-29,coogee,Coogee,63,16.0,true,SYNTHETIC_ENGINEERING_FIXTURE
2025-11-29,cronulla,Cronulla,3,16.0,true,SYNTHETIC_ENGINEERING_FIXTURE
2025-11-29,balmoral,Balmoral,6,16.0,true,SYNTHETIC_ENGINEERING_FIXTURE
2025-11-30,palm-beach,Palm Beach,2,16.0,true,SYNTHETIC_ENGINEERING_FIXTURE
2025-11-30,north-steyne,North Steyne,0,16.0,true,SYNTHETIC_ENGINEERING_FIXTURE
2025-11-30,bondi,Bondi,2,16.0,true,SYNTHETIC_ENGINEERING_FIXTURE
2025-11-30,coogee,Coogee,1,16.0,true,SYNTHETIC_ENGINEERING_FIXTURE
2025-11-30,cronulla,Cronulla,19,16.0,true,SYNTHETIC_ENGINEERING_FIXTURE
2025-11-30,balmoral,Balmoral,3,16.0,true,SYNTHETIC_ENGINEERING_FIXTURE
2025-12-01,palm-beach,Palm Beach,1,16.0,true,SYNTHETIC_ENGINEERING_FIXTURE
2025-12-01,north-steyne,North Steyne,12,16.0,true,SYNTHETIC_ENGINEERING_FIXTURE
2025-12-01,bondi,Bondi,2,16.0,true,SYNTHETIC_ENGINEERING_FIXTURE
2025-12-01,coogee,Coogee,4,16.0,true,SYNTHETIC_ENGINEERING_FIXTURE
2025-12-01,cronulla,Cronulla,10,16.0,true,SYNTHETIC_ENGINEERING_FIXTURE
2025-12-01,balmoral,Balmoral,13,16.0,true,SYNTHETIC_ENGINEERING_FIXTURE
2025-12-02,palm-beach,Palm Beach,13,16.0,true,SYNTHETIC_ENGINEERING_FIXTURE
2025-12-02,north-steyne,North Steyne,3,16.0,true,SYNTHETIC_ENGINEERING_FIXTURE
2025-12-02,bondi,Bondi,4,16.0,true,SYNTHETIC_ENGINEERING_FIXTURE
2025-12-02,coogee,Coogee,25,16.0,true,SYNTHETIC_ENGINEERING_FIXTURE
2025-12-02,cronulla,Cronulla,1,16.0,true,SYNTHETIC_ENGINEERING_FIXTURE
2025-12-02,balmoral,Balmoral,12,16.0,true,SYNTHETIC_ENGINEERING_FIXTURE
2025-12-03,palm-beach,Palm Beach,1,16.0,true,SYNTHETIC_ENGINEERING_FIXTURE
2025-12-03,north-steyne,North Steyne,1,16.0,true,SYNTHETIC_ENGINEERING_FIXTURE
2025-12-03,bondi,Bondi,6,16.0,true,SYNTHETIC_ENGINEERING_FIXTURE
2025-12-03,coogee,Coogee,11,16.0,true,SYNTHETIC_ENGINEERING_FIXTURE
2025-12-03,cronulla,Cronulla,16,16.0,true,SYNTHETIC_ENGINEERING_FIXTURE
2025-12-03,balmoral,Balmoral,3,16.0,true,SYNTHETIC_ENGINEERING_FIXTURE
2025-12-04,palm-beach,Palm Beach,1,16.0,true,SYNTHETIC_ENGINEERING_FIXTURE
2025-12-04,north-steyne,North Steyne,44,16.0,true,SYNTHETIC_ENGINEERING_FIXTURE
2025-12-04,bondi,Bondi,7,16.0,true,SYNTHETIC_ENGINEERING_FIXTURE
2025-12-04,coogee,Coogee,0,16.0,true,SYNTHETIC_ENGINEERING_FIXTURE
2025-12-04,cronulla,Cronulla,1,16.0,true,SYNTHETIC_ENGINEERING_FIXTURE
2025-12-04,balmoral,Balmoral,2,16.0,true,SYNTHETIC_ENGINEERING_FIXTURE
2025-12-05,palm-beach,Palm Beach,2,16.0,true,SYNTHETIC_ENGINEERING_FIXTURE
2025-12-05,north-steyne,North Steyne,12,16.0,true,SYNTHETIC_ENGINEERING_FIXTURE
2025-12-05,bondi,Bondi,3,16.0,true,SYNTHETIC_ENGINEERING_FIXTURE
2025-12-05,coogee,Coogee,16,16.0,true,SYNTHETIC_ENGINEERING_FIXTURE
2025-12-05,cronulla,Cronulla,49,16.0,true,SYNTHETIC_ENGINEERING_FIXTURE
2025-12-05,balmoral,Balmoral,4,16.0,true,SYNTHETIC_ENGINEERING_FIXTURE
2025-12-06,palm-beach,Palm Beach,7,16.0,true,SYNTHETIC_ENGINEERING_FIXTURE
2025-12-06,north-steyne,North Steyne,4,16.0,true,SYNTHETIC_ENGINEERING_FIXTURE
2025-12-06,bondi,Bondi,13,16.0,true,SYNTHETIC_ENGINEERING_FIXTURE
2025-12-06,coogee,Coogee,5,16.0,true,SYNTHETIC_ENGINEERING_FIXTURE
2025-12-06,cronulla,Cronulla,3,16.0,true,SYNTHETIC_ENGINEERING_FIXTURE
2025-12-06,balmoral,Balmoral,30,16.0,true,SYNTHETIC_ENGINEERING_FIXTURE
2025-12-07,palm-beach,Palm Beach,39,16.0,true,SYNTHETIC_ENGINEERING_FIXTURE
2025-12-07,north-steyne,North Steyne,14,16.0,true,SYNTHETIC_ENGINEERING_FIXTURE
2025-12-07,bondi,Bondi,4,16.0,true,SYNTHETIC_ENGINEERING_FIXTURE
2025-12-07,coogee,Coogee,5,16.0,true,SYNTHETIC_ENGINEERING_FIXTURE
2025-12-07,cronulla,Cronulla,2,16.0,true,SYNTHETIC_ENGINEERING_FIXTURE
2025-12-07,balmoral,Balmoral,8,16.0,true,SYNTHETIC_ENGINEERING_FIXTURE
2025-12-08,palm-beach,Palm Beach,1,16.0,true,SYNTHETIC_ENGINEERING_FIXTURE
2025-12-08,north-steyne,North Steyne,9,16.0,true,SYNTHETIC_ENGINEERING_FIXTURE
2025-12-08,bondi,Bondi,11,16.0,true,SYNTHETIC_ENGINEERING_FIXTURE
2025-12-08,coogee,Coogee,0,16.0,true,SYNTHETIC_ENGINEERING_FIXTURE
2025-12-08,cronulla,Cronulla,1,16.0,true,SYNTHETIC_ENGINEERING_FIXTURE
2025-12-08,balmoral,Balmoral,9,16.0,true,SYNTHETIC_ENGINEERING_FIXTURE
2025-12-09,palm-beach,Palm Beach,40,16.0,true,SYNTHETIC_ENGINEERING_FIXTURE
2025-12-09,north-steyne,North Steyne,10,16.0,true,SYNTHETIC_ENGINEERING_FIXTURE
2025-12-09,bondi,Bondi,6,16.0,true,SYNTHETIC_ENGINEERING_FIXTURE
2025-12-09,coogee,Coogee,65,16.0,true,SYNTHETIC_ENGINEERING_FIXTURE
2025-12-09,cronulla,Cronulla,6,16.0,true,SYNTHETIC_ENGINEERING_FIXTURE
2025-12-09,balmoral,Balmoral,19,16.0,true,SYNTHETIC_ENGINEERING_FIXTURE
2025-12-10,palm-beach,Palm Beach,6,16.1,true,SYNTHETIC_ENGINEERING_FIXTURE
2025-12-10,north-steyne,North Steyne,9,16.1,true,SYNTHETIC_ENGINEERING_FIXTURE
2025-12-10,bondi,Bondi,14,16.1,true,SYNTHETIC_ENGINEERING_FIXTURE
2025-12-10,coogee,Coogee,10,16.1,true,SYNTHETIC_ENGINEERING_FIXTURE
2025-12-10,cronulla,Cronulla,1,16.1,true,SYNTHETIC_ENGINEERING_FIXTURE
2025-12-10,balmoral,Balmoral,4,16.1,true,SYNTHETIC_ENGINEERING_FIXTURE
2025-12-11,palm-beach,Palm Beach,9,16.1,true,SYNTHETIC_ENGINEERING_FIXTURE
2025-12-11,north-steyne,North Steyne,15,16.1,true,SYNTHETIC_ENGINEERING_FIXTURE
2025-12-11,bondi,Bondi,2,16.1,true,SYNTHETIC_ENGINEERING_FIXTURE
2025-12-11,coogee,Coogee,11,16.1,true,SYNTHETIC_ENGINEERING_FIXTURE
2025-12-11,cronulla,Cronulla,9,16.1,true,SYNTHETIC_ENGINEERING_FIXTURE
2025-12-11,balmoral,Balmoral,25,16.1,true,SYNTHETIC_ENGINEERING_FIXTURE
2025-12-12,palm-beach,Palm Beach,31,16.1,true,SYNTHETIC_ENGINEERING_FIXTURE
2025-12-12,north-steyne,North Steyne,5,16.1,true,SYNTHETIC_ENGINEERING_FIXTURE
2025-12-12,bondi,Bondi,3,16.1,true,SYNTHETIC_ENGINEERING_FIXTURE
2025-12-12,coogee,Coogee,9,16.1,true,SYNTHETIC_ENGINEERING_FIXTURE
2025-12-12,cronulla,Cronulla,9,16.1,true,SYNTHETIC_ENGINEERING_FIXTURE
2025-12-12,balmoral,Balmoral,8,16.1,true,SYNTHETIC_ENGINEERING_FIXTURE
2025-12-13,palm-beach,Palm Beach,1,16.1,true,SYNTHETIC_ENGINEERING_FIXTURE
2025-12-13,north-steyne,North Steyne,15,16.1,true,SYNTHETIC_ENGINEERING_FIXTURE
2025-12-13,bondi,Bondi,10,16.1,true,SYNTHETIC_ENGINEERING_FIXTURE
2025-12-13,coogee,Coogee,18,16.1,true,SYNTHETIC_ENGINEERING_FIXTURE
2025-12-13,cronulla,Cronulla,13,16.1,true,SYNTHETIC_ENGINEERING_FIXTURE
2025-12-13,balmoral,Balmoral,3,16.1,true,SYNTHETIC_ENGINEERING_FIXTURE
2025-12-14,palm-beach,Palm Beach,19,16.1,true,SYNTHETIC_ENGINEERING_FIXTURE
2025-12-14,north-steyne,North Steyne,8,16.1,true,SYNTHETIC_ENGINEERING_FIXTURE
2025-12-14,bondi,Bondi,1,16.1,true,SYNTHETIC_ENGINEERING_FIXTURE
2025-12-14,coogee,Coogee,18,16.1,true,SYNTHETIC_ENGINEERING_FIXTURE
2025-12-14,cronulla,Cronulla,6,16.1,true,SYNTHETIC_ENGINEERING_FIXTURE
2025-12-14,balmoral,Balmoral,2,16.1,true,SYNTHETIC_ENGINEERING_FIXTURE
2025-12-15,palm-beach,Palm Beach,2,16.1,true,SYNTHETIC_ENGINEERING_FIXTURE
2025-12-15,north-steyne,North Steyne,2,16.1,true,SYNTHETIC_ENGINEERING_FIXTURE
2025-12-15,bondi,Bondi,17,16.1,true,SYNTHETIC_ENGINEERING_FIXTURE
2025-12-15,coogee,Coogee,17,16.1,true,SYNTHETIC_ENGINEERING_FIXTURE
2025-12-15,cronulla,Cronulla,7,16.1,true,SYNTHETIC_ENGINEERING_FIXTURE
2025-12-15,balmoral,Balmoral,10,16.1,true,SYNTHETIC_ENGINEERING_FIXTURE
2025-12-16,palm-beach,Palm Beach,16,16.1,true,SYNTHETIC_ENGINEERING_FIXTURE
2025-12-16,north-steyne,North Steyne,34,16.1,true,SYNTHETIC_ENGINEERING_FIXTURE
2025-12-16,bondi,Bondi,13,16.1,true,SYNTHETIC_ENGINEERING_FIXTURE
2025-12-16,coogee,Coogee,4,16.1,true,SYNTHETIC_ENGINEERING_FIXTURE
2025-12-16,cronulla,Cronulla,1,16.1,true,SYNTHETIC_ENGINEERING_FIXTURE
2025-12-16,balmoral,Balmoral,1,16.1,true,SYNTHETIC_ENGINEERING_FIXTURE
2025-12-17,palm-beach,Palm Beach,16,16.2,true,SYNTHETIC_ENGINEERING_FIXTURE
2025-12-17,north-steyne,North Steyne,8,16.2,true,SYNTHETIC_ENGINEERING_FIXTURE
2025-12-17,bondi,Bondi,40,16.2,true,SYNTHETIC_ENGINEERING_FIXTURE
2025-12-17,coogee,Coogee,15,16.2,true,SYNTHETIC_ENGINEERING_FIXTURE
2025-12-17,cronulla,Cronulla,3,16.2,true,SYNTHETIC_ENGINEERING_FIXTURE
2025-12-17,balmoral,Balmoral,2,16.2,true,SYNTHETIC_ENGINEERING_FIXTURE
2025-12-18,palm-beach,Palm Beach,10,16.2,true,SYNTHETIC_ENGINEERING_FIXTURE
2025-12-18,north-steyne,North Steyne,7,16.2,true,SYNTHETIC_ENGINEERING_FIXTURE
2025-12-18,bondi,Bondi,10,16.2,true,SYNTHETIC_ENGINEERING_FIXTURE
2025-12-18,coogee,Coogee,4,16.2,true,SYNTHETIC_ENGINEERING_FIXTURE
2025-12-18,cronulla,Cronulla,12,16.2,true,SYNTHETIC_ENGINEERING_FIXTURE
2025-12-18,balmoral,Balmoral,4,16.2,true,SYNTHETIC_ENGINEERING_FIXTURE
2025-12-19,palm-beach,Palm Beach,18,16.2,true,SYNTHETIC_ENGINEERING_FIXTURE
2025-12-19,north-steyne,North Steyne,2,16.2,true,SYNTHETIC_ENGINEERING_FIXTURE
2025-12-19,bondi,Bondi,14,16.2,true,SYNTHETIC_ENGINEERING_FIXTURE
2025-12-19,coogee,Coogee,3,16.2,true,SYNTHETIC_ENGINEERING_FIXTURE
2025-12-19,cronulla,Cronulla,31,16.2,true,SYNTHETIC_ENGINEERING_FIXTURE
2025-12-19,balmoral,Balmoral,3,16.2,true,SYNTHETIC_ENGINEERING_FIXTURE
2025-12-20,palm-beach,Palm Beach,55,16.2,true,SYNTHETIC_ENGINEERING_FIXTURE
2025-12-20,north-steyne,North Steyne,9,16.2,true,SYNTHETIC_ENGINEERING_FIXTURE
2025-12-20,bondi,Bondi,20,16.2,true,SYNTHETIC_ENGINEERING_FIXTURE
2025-12-20,coogee,Coogee,7,16.2,true,SYNTHETIC_ENGINEERING_FIXTURE
2025-12-20,cronulla,Cronulla,18,16.2,true,SYNTHETIC_ENGINEERING_FIXTURE
2025-12-20,balmoral,Balmoral,9,16.2,true,SYNTHETIC_ENGINEERING_FIXTURE
2025-12-21,palm-beach,Palm Beach,3,16.2,true,SYNTHETIC_ENGINEERING_FIXTURE
2025-12-21,north-steyne,North Steyne,15,16.2,true,SYNTHETIC_ENGINEERING_FIXTURE
2025-12-21,bondi,Bondi,1,16.2,true,SYNTHETIC_ENGINEERING_FIXTURE
2025-12-21,coogee,Coogee,4,16.2,true,SYNTHETIC_ENGINEERING_FIXTURE
2025-12-21,cronulla,Cronulla,4,16.2,true,SYNTHETIC_ENGINEERING_FIXTURE
2025-12-21,balmoral,Balmoral,10,16.2,true,SYNTHETIC_ENGINEERING_FIXTURE
2025-12-22,palm-beach,Palm Beach,14,16.3,true,SYNTHETIC_ENGINEERING_FIXTURE
2025-12-22,north-steyne,North Steyne,7,16.3,true,SYNTHETIC_ENGINEERING_FIXTURE
2025-12-22,bondi,Bondi,34,16.3,true,SYNTHETIC_ENGINEERING_FIXTURE
2025-12-22,coogee,Coogee,24,16.3,true,SYNTHETIC_ENGINEERING_FIXTURE
2025-12-22,cronulla,Cronulla,7,16.3,true,SYNTHETIC_ENGINEERING_FIXTURE
2025-12-22,balmoral,Balmoral,2,16.3,true,SYNTHETIC_ENGINEERING_FIXTURE
2025-12-23,palm-beach,Palm Beach,4,16.3,true,SYNTHETIC_ENGINEERING_FIXTURE
2025-12-23,north-steyne,North Steyne,2,16.3,true,SYNTHETIC_ENGINEERING_FIXTURE
2025-12-23,bondi,Bondi,2,16.3,true,SYNTHETIC_ENGINEERING_FIXTURE
2025-12-23,coogee,Coogee,9,16.3,true,SYNTHETIC_ENGINEERING_FIXTURE
2025-12-23,cronulla,Cronulla,3,16.3,true,SYNTHETIC_ENGINEERING_FIXTURE
2025-12-23,balmoral,Balmoral,10,16.3,true,SYNTHETIC_ENGINEERING_FIXTURE
2025-12-24,palm-beach,Palm Beach,7,16.3,true,SYNTHETIC_ENGINEERING_FIXTURE
2025-12-24,north-steyne,North Steyne,11,16.3,true,SYNTHETIC_ENGINEERING_FIXTURE
2025-12-24,bondi,Bondi,3,16.3,true,SYNTHETIC_ENGINEERING_FIXTURE
2025-12-24,coogee,Coogee,2,16.3,true,SYNTHETIC_ENGINEERING_FIXTURE
2025-12-24,cronulla,Cronulla,15,16.3,true,SYNTHETIC_ENGINEERING_FIXTURE
2025-12-24,balmoral,Balmoral,18,16.3,true,SYNTHETIC_ENGINEERING_FIXTURE
2025-12-25,palm-beach,Palm Beach,4,16.3,true,SYNTHETIC_ENGINEERING_FIXTURE
2025-12-25,north-steyne,North Steyne,14,16.3,true,SYNTHETIC_ENGINEERING_FIXTURE
2025-12-25,bondi,Bondi,0,16.3,true,SYNTHETIC_ENGINEERING_FIXTURE
2025-12-25,coogee,Coogee,1,16.3,true,SYNTHETIC_ENGINEERING_FIXTURE
2025-12-25,cronulla,Cronulla,1,16.3,true,SYNTHETIC_ENGINEERING_FIXTURE
2025-12-25,balmoral,Balmoral,5,16.3,true,SYNTHETIC_ENGINEERING_FIXTURE
2025-12-26,palm-beach,Palm Beach,9,16.4,true,SYNTHETIC_ENGINEERING_FIXTURE
2025-12-26,north-steyne,North Steyne,25,16.4,true,SYNTHETIC_ENGINEERING_FIXTURE
2025-12-26,bondi,Bondi,11,16.4,true,SYNTHETIC_ENGINEERING_FIXTURE
2025-12-26,coogee,Coogee,1,16.4,true,SYNTHETIC_ENGINEERING_FIXTURE
2025-12-26,cronulla,Cronulla,60,16.4,true,SYNTHETIC_ENGINEERING_FIXTURE
2025-12-26,balmoral,Balmoral,0,16.4,true,SYNTHETIC_ENGINEERING_FIXTURE
2025-12-27,palm-beach,Palm Beach,10,16.4,true,SYNTHETIC_ENGINEERING_FIXTURE
2025-12-27,north-steyne,North Steyne,5,16.4,true,SYNTHETIC_ENGINEERING_FIXTURE
2025-12-27,bondi,Bondi,9,16.4,true,SYNTHETIC_ENGINEERING_FIXTURE
2025-12-27,coogee,Coogee,18,16.4,true,SYNTHETIC_ENGINEERING_FIXTURE
2025-12-27,cronulla,Cronulla,6,16.4,true,SYNTHETIC_ENGINEERING_FIXTURE
2025-12-27,balmoral,Balmoral,16,16.4,true,SYNTHETIC_ENGINEERING_FIXTURE
2025-12-28,palm-beach,Palm Beach,2,16.4,true,SYNTHETIC_ENGINEERING_FIXTURE
2025-12-28,north-steyne,North Steyne,46,16.4,true,SYNTHETIC_ENGINEERING_FIXTURE
2025-12-28,bondi,Bondi,4,16.4,true,SYNTHETIC_ENGINEERING_FIXTURE
2025-12-28,coogee,Coogee,3,16.4,true,SYNTHETIC_ENGINEERING_FIXTURE
2025-12-28,cronulla,Cronulla,13,16.4,true,SYNTHETIC_ENGINEERING_FIXTURE
2025-12-28,balmoral,Balmoral,7,16.4,true,SYNTHETIC_ENGINEERING_FIXTURE
2025-12-29,palm-beach,Palm Beach,177,16.4,true,SYNTHETIC_ENGINEERING_FIXTURE
2025-12-29,north-steyne,North Steyne,2,16.4,true,SYNTHETIC_ENGINEERING_FIXTURE
2025-12-29,bondi,Bondi,6,16.4,true,SYNTHETIC_ENGINEERING_FIXTURE
2025-12-29,coogee,Coogee,5,16.4,true,SYNTHETIC_ENGINEERING_FIXTURE
2025-12-29,cronulla,Cronulla,16,16.4,true,SYNTHETIC_ENGINEERING_FIXTURE
2025-12-29,balmoral,Balmoral,1,16.4,true,SYNTHETIC_ENGINEERING_FIXTURE
2025-12-30,palm-beach,Palm Beach,33,16.5,true,SYNTHETIC_ENGINEERING_FIXTURE
2025-12-30,north-steyne,North Steyne,15,16.5,true,SYNTHETIC_ENGINEERING_FIXTURE
2025-12-30,bondi,Bondi,14,16.5,true,SYNTHETIC_ENGINEERING_FIXTURE
2025-12-30,coogee,Coogee,2,16.5,true,SYNTHETIC_ENGINEERING_FIXTURE
2025-12-30,cronulla,Cronulla,2,16.5,true,SYNTHETIC_ENGINEERING_FIXTURE
2025-12-30,balmoral,Balmoral,3,16.5,true,SYNTHETIC_ENGINEERING_FIXTURE
2025-12-31,palm-beach,Palm Beach,3,16.5,true,SYNTHETIC_ENGINEERING_FIXTURE
2025-12-31,north-steyne,North Steyne,1,16.5,true,SYNTHETIC_ENGINEERING_FIXTURE
2025-12-31,bondi,Bondi,0,16.5,true,SYNTHETIC_ENGINEERING_FIXTURE
2025-12-31,coogee,Coogee,4,16.5,true,SYNTHETIC_ENGINEERING_FIXTURE
2025-12-31,cronulla,Cronulla,8,16.5,true,SYNTHETIC_ENGINEERING_FIXTURE
2025-12-31,balmoral,Balmoral,2,16.5,true,SYNTHETIC_ENGINEERING_FIXTURE
2026-01-01,palm-beach,Palm Beach,2,16.5,true,SYNTHETIC_ENGINEERING_FIXTURE
2026-01-01,north-steyne,North Steyne,27,16.5,true,SYNTHETIC_ENGINEERING_FIXTURE
2026-01-01,bondi,Bondi,14,16.5,true,SYNTHETIC_ENGINEERING_FIXTURE
2026-01-01,coogee,Coogee,7,16.5,true,SYNTHETIC_ENGINEERING_FIXTURE
2026-01-01,cronulla,Cronulla,18,16.5,true,SYNTHETIC_ENGINEERING_FIXTURE
2026-01-01,balmoral,Balmoral,6,16.5,true,SYNTHETIC_ENGINEERING_FIXTURE
2026-01-02,palm-beach,Palm Beach,70,16.6,true,SYNTHETIC_ENGINEERING_FIXTURE
2026-01-02,north-steyne,North Steyne,3,16.6,true,SYNTHETIC_ENGINEERING_FIXTURE
2026-01-02,bondi,Bondi,2,16.6,true,SYNTHETIC_ENGINEERING_FIXTURE
2026-01-02,coogee,Coogee,2,16.6,true,SYNTHETIC_ENGINEERING_FIXTURE
2026-01-02,cronulla,Cronulla,16,16.6,true,SYNTHETIC_ENGINEERING_FIXTURE
2026-01-02,balmoral,Balmoral,17,16.6,true,SYNTHETIC_ENGINEERING_FIXTURE
2026-01-03,palm-beach,Palm Beach,60,16.6,true,SYNTHETIC_ENGINEERING_FIXTURE
2026-01-03,north-steyne,North Steyne,15,16.6,true,SYNTHETIC_ENGINEERING_FIXTURE
2026-01-03,bondi,Bondi,14,16.6,true,SYNTHETIC_ENGINEERING_FIXTURE
2026-01-03,coogee,Coogee,3,16.6,true,SYNTHETIC_ENGINEERING_FIXTURE
2026-01-03,cronulla,Cronulla,9,16.6,true,SYNTHETIC_ENGINEERING_FIXTURE
2026-01-03,balmoral,Balmoral,8,16.6,true,SYNTHETIC_ENGINEERING_FIXTURE
2026-01-04,palm-beach,Palm Beach,7,16.6,true,SYNTHETIC_ENGINEERING_FIXTURE
2026-01-04,north-steyne,North Steyne,2,16.6,true,SYNTHETIC_ENGINEERING_FIXTURE
2026-01-04,bondi,Bondi,6,16.6,true,SYNTHETIC_ENGINEERING_FIXTURE
2026-01-04,coogee,Coogee,2,16.6,true,SYNTHETIC_ENGINEERING_FIXTURE
2026-01-04,cronulla,Cronulla,8,16.6,true,SYNTHETIC_ENGINEERING_FIXTURE
2026-01-04,balmoral,Balmoral,10,16.6,true,SYNTHETIC_ENGINEERING_FIXTURE
2026-01-05,palm-beach,Palm Beach,1,16.7,true,SYNTHETIC_ENGINEERING_FIXTURE
2026-01-05,north-steyne,North Steyne,20,16.7,true,SYNTHETIC_ENGINEERING_FIXTURE
2026-01-05,bondi,Bondi,4,16.7,true,SYNTHETIC_ENGINEERING_FIXTURE
2026-01-05,coogee,Coogee,13,16.7,true,SYNTHETIC_ENGINEERING_FIXTURE
2026-01-05,cronulla,Cronulla,1,16.7,true,SYNTHETIC_ENGINEERING_FIXTURE
2026-01-05,balmoral,Balmoral,12,16.7,true,SYNTHETIC_ENGINEERING_FIXTURE
2026-01-06,palm-beach,Palm Beach,6,16.7,true,SYNTHETIC_ENGINEERING_FIXTURE
2026-01-06,north-steyne,North Steyne,11,16.7,true,SYNTHETIC_ENGINEERING_FIXTURE
2026-01-06,bondi,Bondi,19,16.7,true,SYNTHETIC_ENGINEERING_FIXTURE
2026-01-06,coogee,Coogee,3,16.7,true,SYNTHETIC_ENGINEERING_FIXTURE
2026-01-06,cronulla,Cronulla,11,16.7,true,SYNTHETIC_ENGINEERING_FIXTURE
2026-01-06,balmoral,Balmoral,7,16.7,true,SYNTHETIC_ENGINEERING_FIXTURE
2026-01-07,palm-beach,Palm Beach,2,16.7,true,SYNTHETIC_ENGINEERING_FIXTURE
2026-01-07,north-steyne,North Steyne,3,16.7,true,SYNTHETIC_ENGINEERING_FIXTURE
2026-01-07,bondi,Bondi,5,16.7,true,SYNTHETIC_ENGINEERING_FIXTURE
2026-01-07,coogee,Coogee,4,16.7,true,SYNTHETIC_ENGINEERING_FIXTURE
2026-01-07,cronulla,Cronulla,11,16.7,true,SYNTHETIC_ENGINEERING_FIXTURE
2026-01-07,balmoral,Balmoral,11,16.7,true,SYNTHETIC_ENGINEERING_FIXTURE
2026-01-08,palm-beach,Palm Beach,5,16.8,true,SYNTHETIC_ENGINEERING_FIXTURE
2026-01-08,north-steyne,North Steyne,15,16.8,true,SYNTHETIC_ENGINEERING_FIXTURE
2026-01-08,bondi,Bondi,27,16.8,true,SYNTHETIC_ENGINEERING_FIXTURE
2026-01-08,coogee,Coogee,26,16.8,true,SYNTHETIC_ENGINEERING_FIXTURE
2026-01-08,cronulla,Cronulla,4,16.8,true,SYNTHETIC_ENGINEERING_FIXTURE
2026-01-08,balmoral,Balmoral,4,16.8,true,SYNTHETIC_ENGINEERING_FIXTURE
2026-01-09,palm-beach,Palm Beach,4,16.8,true,SYNTHETIC_ENGINEERING_FIXTURE
2026-01-09,north-steyne,North Steyne,6,16.8,true,SYNTHETIC_ENGINEERING_FIXTURE
2026-01-09,bondi,Bondi,22,16.8,true,SYNTHETIC_ENGINEERING_FIXTURE
2026-01-09,coogee,Coogee,7,16.8,true,SYNTHETIC_ENGINEERING_FIXTURE
2026-01-09,cronulla,Cronulla,1,16.8,true,SYNTHETIC_ENGINEERING_FIXTURE
2026-01-09,balmoral,Balmoral,113,16.8,true,SYNTHETIC_ENGINEERING_FIXTURE
2026-01-10,palm-beach,Palm Beach,5,16.8,true,SYNTHETIC_ENGINEERING_FIXTURE
2026-01-10,north-steyne,North Steyne,3,16.8,true,SYNTHETIC_ENGINEERING_FIXTURE
2026-01-10,bondi,Bondi,3,16.8,true,SYNTHETIC_ENGINEERING_FIXTURE
2026-01-10,coogee,Coogee,24,16.8,true,SYNTHETIC_ENGINEERING_FIXTURE
2026-01-10,cronulla,Cronulla,54,16.8,true,SYNTHETIC_ENGINEERING_FIXTURE
2026-01-10,balmoral,Balmoral,5,16.8,true,SYNTHETIC_ENGINEERING_FIXTURE
2026-01-11,palm-beach,Palm Beach,5,16.9,true,SYNTHETIC_ENGINEERING_FIXTURE
2026-01-11,north-steyne,North Steyne,38,16.9,true,SYNTHETIC_ENGINEERING_FIXTURE
2026-01-11,bondi,Bondi,29,16.9,true,SYNTHETIC_ENGINEERING_FIXTURE
2026-01-11,coogee,Coogee,6,16.9,true,SYNTHETIC_ENGINEERING_FIXTURE
2026-01-11,cronulla,Cronulla,4,16.9,true,SYNTHETIC_ENGINEERING_FIXTURE
2026-01-11,balmoral,Balmoral,8,16.9,true,SYNTHETIC_ENGINEERING_FIXTURE
2026-01-12,palm-beach,Palm Beach,1,16.9,true,SYNTHETIC_ENGINEERING_FIXTURE
2026-01-12,north-steyne,North Steyne,1,16.9,true,SYNTHETIC_ENGINEERING_FIXTURE
2026-01-12,bondi,Bondi,0,16.9,true,SYNTHETIC_ENGINEERING_FIXTURE
2026-01-12,coogee,Coogee,27,16.9,true,SYNTHETIC_ENGINEERING_FIXTURE
2026-01-12,cronulla,Cronulla,8,16.9,true,SYNTHETIC_ENGINEERING_FIXTURE
2026-01-12,balmoral,Balmoral,5,16.9,true,SYNTHETIC_ENGINEERING_FIXTURE
2026-01-13,palm-beach,Palm Beach,12,17.0,true,SYNTHETIC_ENGINEERING_FIXTURE
2026-01-13,north-steyne,North Steyne,11,17.0,true,SYNTHETIC_ENGINEERING_FIXTURE
2026-01-13,bondi,Bondi,3,17.0,true,SYNTHETIC_ENGINEERING_FIXTURE
2026-01-13,coogee,Coogee,11,17.0,true,SYNTHETIC_ENGINEERING_FIXTURE
2026-01-13,cronulla,Cronulla,24,17.0,true,SYNTHETIC_ENGINEERING_FIXTURE
2026-01-13,balmoral,Balmoral,3,17.0,true,SYNTHETIC_ENGINEERING_FIXTURE
2026-01-14,palm-beach,Palm Beach,1,17.0,true,SYNTHETIC_ENGINEERING_FIXTURE
2026-01-14,north-steyne,North Steyne,0,17.0,true,SYNTHETIC_ENGINEERING_FIXTURE
2026-01-14,bondi,Bondi,5,17.0,true,SYNTHETIC_ENGINEERING_FIXTURE
2026-01-14,coogee,Coogee,1,17.0,true,SYNTHETIC_ENGINEERING_FIXTURE
2026-01-14,cronulla,Cronulla,8,17.0,true,SYNTHETIC_ENGINEERING_FIXTURE
2026-01-14,balmoral,Balmoral,17,17.0,true,SYNTHETIC_ENGINEERING_FIXTURE
2026-01-15,palm-beach,Palm Beach,2,17.1,true,SYNTHETIC_ENGINEERING_FIXTURE
2026-01-15,north-steyne,North Steyne,2,17.1,true,SYNTHETIC_ENGINEERING_FIXTURE
2026-01-15,bondi,Bondi,15,17.1,true,SYNTHETIC_ENGINEERING_FIXTURE
2026-01-15,coogee,Coogee,18,17.1,true,SYNTHETIC_ENGINEERING_FIXTURE
2026-01-15,cronulla,Cronulla,5,17.1,true,SYNTHETIC_ENGINEERING_FIXTURE
2026-01-15,balmoral,Balmoral,4,17.1,true,SYNTHETIC_ENGINEERING_FIXTURE
2026-01-16,palm-beach,Palm Beach,1,17.1,true,SYNTHETIC_ENGINEERING_FIXTURE
2026-01-16,north-steyne,North Steyne,0,17.1,true,SYNTHETIC_ENGINEERING_FIXTURE
2026-01-16,bondi,Bondi,13,17.1,true,SYNTHETIC_ENGINEERING_FIXTURE
2026-01-16,coogee,Coogee,7,17.1,true,SYNTHETIC_ENGINEERING_FIXTURE
2026-01-16,cronulla,Cronulla,48,17.1,true,SYNTHETIC_ENGINEERING_FIXTURE
2026-01-16,balmoral,Balmoral,9,17.1,true,SYNTHETIC_ENGINEERING_FIXTURE
2026-01-17,palm-beach,Palm Beach,2,17.1,true,SYNTHETIC_ENGINEERING_FIXTURE
2026-01-17,north-steyne,North Steyne,7,17.1,true,SYNTHETIC_ENGINEERING_FIXTURE
2026-01-17,bondi,Bondi,4,17.1,true,SYNTHETIC_ENGINEERING_FIXTURE
2026-01-17,coogee,Coogee,5,17.1,true,SYNTHETIC_ENGINEERING_FIXTURE
2026-01-17,cronulla,Cronulla,10,17.1,true,SYNTHETIC_ENGINEERING_FIXTURE
2026-01-17,balmoral,Balmoral,3,17.1,true,SYNTHETIC_ENGINEERING_FIXTURE
2026-01-18,palm-beach,Palm Beach,10,17.2,true,SYNTHETIC_ENGINEERING_FIXTURE
2026-01-18,north-steyne,North Steyne,21,17.2,true,SYNTHETIC_ENGINEERING_FIXTURE
2026-01-18,bondi,Bondi,10,17.2,true,SYNTHETIC_ENGINEERING_FIXTURE
2026-01-18,coogee,Coogee,7,17.2,true,SYNTHETIC_ENGINEERING_FIXTURE
2026-01-18,cronulla,Cronulla,3,17.2,true,SYNTHETIC_ENGINEERING_FIXTURE
2026-01-18,balmoral,Balmoral,4,17.2,true,SYNTHETIC_ENGINEERING_FIXTURE
2026-01-19,palm-beach,Palm Beach,1,17.2,true,SYNTHETIC_ENGINEERING_FIXTURE
2026-01-19,north-steyne,North Steyne,1,17.2,true,SYNTHETIC_ENGINEERING_FIXTURE
2026-01-19,bondi,Bondi,13,17.2,true,SYNTHETIC_ENGINEERING_FIXTURE
2026-01-19,coogee,Coogee,1,17.2,true,SYNTHETIC_ENGINEERING_FIXTURE
2026-01-19,cronulla,Cronulla,7,17.2,true,SYNTHETIC_ENGINEERING_FIXTURE
2026-01-19,balmoral,Balmoral,10,17.2,true,SYNTHETIC_ENGINEERING_FIXTURE
2026-01-20,palm-beach,Palm Beach,23,17.3,true,SYNTHETIC_ENGINEERING_FIXTURE
2026-01-20,north-steyne,North Steyne,17,17.3,true,SYNTHETIC_ENGINEERING_FIXTURE
2026-01-20,bondi,Bondi,5,17.3,true,SYNTHETIC_ENGINEERING_FIXTURE
2026-01-20,coogee,Coogee,50,17.3,true,SYNTHETIC_ENGINEERING_FIXTURE
2026-01-20,cronulla,Cronulla,14,17.3,true,SYNTHETIC_ENGINEERING_FIXTURE
2026-01-20,balmoral,Balmoral,9,17.3,true,SYNTHETIC_ENGINEERING_FIXTURE
2026-01-21,palm-beach,Palm Beach,17,17.3,true,SYNTHETIC_ENGINEERING_FIXTURE
2026-01-21,north-steyne,North Steyne,15,17.3,true,SYNTHETIC_ENGINEERING_FIXTURE
2026-01-21,bondi,Bondi,4,17.3,true,SYNTHETIC_ENGINEERING_FIXTURE
2026-01-21,coogee,Coogee,11,17.3,true,SYNTHETIC_ENGINEERING_FIXTURE
2026-01-21,cronulla,Cronulla,27,17.3,true,SYNTHETIC_ENGINEERING_FIXTURE
2026-01-21,balmoral,Balmoral,11,17.3,true,SYNTHETIC_ENGINEERING_FIXTURE
2026-01-22,palm-beach,Palm Beach,1,17.4,true,SYNTHETIC_ENGINEERING_FIXTURE
2026-01-22,north-steyne,North Steyne,27,17.4,true,SYNTHETIC_ENGINEERING_FIXTURE
2026-01-22,bondi,Bondi,25,17.4,true,SYNTHETIC_ENGINEERING_FIXTURE
2026-01-22,coogee,Coogee,13,17.4,true,SYNTHETIC_ENGINEERING_FIXTURE
2026-01-22,cronulla,Cronulla,10,17.4,true,SYNTHETIC_ENGINEERING_FIXTURE
2026-01-22,balmoral,Balmoral,7,17.4,true,SYNTHETIC_ENGINEERING_FIXTURE
2026-01-23,palm-beach,Palm Beach,3,17.4,true,SYNTHETIC_ENGINEERING_FIXTURE
2026-01-23,north-steyne,North Steyne,5,17.4,true,SYNTHETIC_ENGINEERING_FIXTURE
2026-01-23,bondi,Bondi,18,17.4,true,SYNTHETIC_ENGINEERING_FIXTURE
2026-01-23,coogee,Coogee,3,17.4,true,SYNTHETIC_ENGINEERING_FIXTURE
2026-01-23,cronulla,Cronulla,0,17.4,true,SYNTHETIC_ENGINEERING_FIXTURE
2026-01-23,balmoral,Balmoral,35,17.4,true,SYNTHETIC_ENGINEERING_FIXTURE
2026-01-24,palm-beach,Palm Beach,2,17.5,true,SYNTHETIC_ENGINEERING_FIXTURE
2026-01-24,north-steyne,North Steyne,9,17.5,true,SYNTHETIC_ENGINEERING_FIXTURE
2026-01-24,bondi,Bondi,63,17.5,true,SYNTHETIC_ENGINEERING_FIXTURE
2026-01-24,coogee,Coogee,23,17.5,true,SYNTHETIC_ENGINEERING_FIXTURE
2026-01-24,cronulla,Cronulla,3,17.5,true,SYNTHETIC_ENGINEERING_FIXTURE
2026-01-24,balmoral,Balmoral,4,17.5,true,SYNTHETIC_ENGINEERING_FIXTURE
2026-01-25,palm-beach,Palm Beach,16,17.5,true,SYNTHETIC_ENGINEERING_FIXTURE
2026-01-25,north-steyne,North Steyne,24,17.5,true,SYNTHETIC_ENGINEERING_FIXTURE
2026-01-25,bondi,Bondi,10,17.5,true,SYNTHETIC_ENGINEERING_FIXTURE
2026-01-25,coogee,Coogee,20,17.5,true,SYNTHETIC_ENGINEERING_FIXTURE
2026-01-25,cronulla,Cronulla,28,17.5,true,SYNTHETIC_ENGINEERING_FIXTURE
2026-01-25,balmoral,Balmoral,6,17.5,true,SYNTHETIC_ENGINEERING_FIXTURE
2026-01-26,palm-beach,Palm Beach,10,17.6,true,SYNTHETIC_ENGINEERING_FIXTURE
2026-01-26,north-steyne,North Steyne,19,17.6,true,SYNTHETIC_ENGINEERING_FIXTURE
2026-01-26,bondi,Bondi,4,17.6,true,SYNTHETIC_ENGINEERING_FIXTURE
2026-01-26,coogee,Coogee,0,17.6,true,SYNTHETIC_ENGINEERING_FIXTURE
2026-01-26,cronulla,Cronulla,6,17.6,true,SYNTHETIC_ENGINEERING_FIXTURE
2026-01-26,balmoral,Balmoral,24,17.6,true,SYNTHETIC_ENGINEERING_FIXTURE
2026-01-27,palm-beach,Palm Beach,6,17.6,true,SYNTHETIC_ENGINEERING_FIXTURE
2026-01-27,north-steyne,North Steyne,91,17.6,true,SYNTHETIC_ENGINEERING_FIXTURE
2026-01-27,bondi,Bondi,12,17.6,true,SYNTHETIC_ENGINEERING_FIXTURE
2026-01-27,coogee,Coogee,12,17.6,true,SYNTHETIC_ENGINEERING_FIXTURE
2026-01-27,cronulla,Cronulla,3,17.6,true,SYNTHETIC_ENGINEERING_FIXTURE
2026-01-27,balmoral,Balmoral,2,17.6,true,SYNTHETIC_ENGINEERING_FIXTURE
2026-01-28,palm-beach,Palm Beach,11,17.7,true,SYNTHETIC_ENGINEERING_FIXTURE
2026-01-28,north-steyne,North Steyne,20,17.7,true,SYNTHETIC_ENGINEERING_FIXTURE
2026-01-28,bondi,Bondi,37,17.7,true,SYNTHETIC_ENGINEERING_FIXTURE
2026-01-28,coogee,Coogee,5,17.7,true,SYNTHETIC_ENGINEERING_FIXTURE
2026-01-28,cronulla,Cronulla,16,17.7,true,SYNTHETIC_ENGINEERING_FIXTURE
2026-01-28,balmoral,Balmoral,6,17.7,true,SYNTHETIC_ENGINEERING_FIXTURE
2026-01-29,palm-beach,Palm Beach,19,17.7,true,SYNTHETIC_ENGINEERING_FIXTURE
2026-01-29,north-steyne,North Steyne,6,17.7,true,SYNTHETIC_ENGINEERING_FIXTURE
2026-01-29,bondi,Bondi,24,17.7,true,SYNTHETIC_ENGINEERING_FIXTURE
2026-01-29,coogee,Coogee,53,17.7,true,SYNTHETIC_ENGINEERING_FIXTURE
2026-01-29,cronulla,Cronulla,9,17.7,true,SYNTHETIC_ENGINEERING_FIXTURE
2026-01-29,balmoral,Balmoral,18,17.7,true,SYNTHETIC_ENGINEERING_FIXTURE
2026-01-30,palm-beach,Palm Beach,1,17.8,true,SYNTHETIC_ENGINEERING_FIXTURE
2026-01-30,north-steyne,North Steyne,1,17.8,true,SYNTHETIC_ENGINEERING_FIXTURE
2026-01-30,bondi,Bondi,5,17.8,true,SYNTHETIC_ENGINEERING_FIXTURE
2026-01-30,coogee,Coogee,3,17.8,true,SYNTHETIC_ENGINEERING_FIXTURE
2026-01-30,cronulla,Cronulla,28,17.8,true,SYNTHETIC_ENGINEERING_FIXTURE
2026-01-30,balmoral,Balmoral,28,17.8,true,SYNTHETIC_ENGINEERING_FIXTURE
2026-01-31,palm-beach,Palm Beach,11,17.8,true,SYNTHETIC_ENGINEERING_FIXTURE
2026-01-31,north-steyne,North Steyne,2,17.8,true,SYNTHETIC_ENGINEERING_FIXTURE
2026-01-31,bondi,Bondi,1,17.8,true,SYNTHETIC_ENGINEERING_FIXTURE
2026-01-31,coogee,Coogee,12,17.8,true,SYNTHETIC_ENGINEERING_FIXTURE
2026-01-31,cronulla,Cronulla,15,17.8,true,SYNTHETIC_ENGINEERING_FIXTURE
2026-01-31,balmoral,Balmoral,3,17.8,true,SYNTHETIC_ENGINEERING_FIXTURE
2026-02-01,palm-beach,Palm Beach,1,17.9,true,SYNTHETIC_ENGINEERING_FIXTURE
2026-02-01,north-steyne,North Steyne,27,17.9,true,SYNTHETIC_ENGINEERING_FIXTURE
2026-02-01,bondi,Bondi,7,17.9,true,SYNTHETIC_ENGINEERING_FIXTURE
2026-02-01,coogee,Coogee,5,17.9,true,SYNTHETIC_ENGINEERING_FIXTURE
2026-02-01,cronulla,Cronulla,34,17.9,true,SYNTHETIC_ENGINEERING_FIXTURE
2026-02-01,balmoral,Balmoral,1,17.9,true,SYNTHETIC_ENGINEERING_FIXTURE
2026-02-02,palm-beach,Palm Beach,7,17.9,true,SYNTHETIC_ENGINEERING_FIXTURE
2026-02-02,north-steyne,North Steyne,0,17.9,true,SYNTHETIC_ENGINEERING_FIXTURE
2026-02-02,bondi,Bondi,14,17.9,true,SYNTHETIC_ENGINEERING_FIXTURE
2026-02-02,coogee,Coogee,3,17.9,true,SYNTHETIC_ENGINEERING_FIXTURE
2026-02-02,cronulla,Cronulla,5,17.9,true,SYNTHETIC_ENGINEERING_FIXTURE
2026-02-02,balmoral,Balmoral,0,17.9,true,SYNTHETIC_ENGINEERING_FIXTURE
2026-02-03,palm-beach,Palm Beach,2,18.0,true,SYNTHETIC_ENGINEERING_FIXTURE
2026-02-03,north-steyne,North Steyne,3,18.0,true,SYNTHETIC_ENGINEERING_FIXTURE
2026-02-03,bondi,Bondi,4,18.0,true,SYNTHETIC_ENGINEERING_FIXTURE
2026-02-03,coogee,Coogee,4,18.0,true,SYNTHETIC_ENGINEERING_FIXTURE
2026-02-03,cronulla,Cronulla,1,18.0,true,SYNTHETIC_ENGINEERING_FIXTURE
2026-02-03,balmoral,Balmoral,3,18.0,true,SYNTHETIC_ENGINEERING_FIXTURE
2026-02-04,palm-beach,Palm Beach,226,18.0,true,SYNTHETIC_ENGINEERING_FIXTURE
2026-02-04,north-steyne,North Steyne,36,18.0,true,SYNTHETIC_ENGINEERING_FIXTURE
2026-02-04,bondi,Bondi,3,18.0,true,SYNTHETIC_ENGINEERING_FIXTURE
2026-02-04,coogee,Coogee,71,18.0,true,SYNTHETIC_ENGINEERING_FIXTURE
2026-02-04,cronulla,Cronulla,7,18.0,true,SYNTHETIC_ENGINEERING_FIXTURE
2026-02-04,balmoral,Balmoral,3,18.0,true,SYNTHETIC_ENGINEERING_FIXTURE
2026-02-05,palm-beach,Palm Beach,2,18.1,true,SYNTHETIC_ENGINEERING_FIXTURE
2026-02-05,north-steyne,North Steyne,8,18.1,true,SYNTHETIC_ENGINEERING_FIXTURE
2026-02-05,bondi,Bondi,0,18.1,true,SYNTHETIC_ENGINEERING_FIXTURE
2026-02-05,coogee,Coogee,4,18.1,true,SYNTHETIC_ENGINEERING_FIXTURE
2026-02-05,cronulla,Cronulla,10,18.1,true,SYNTHETIC_ENGINEERING_FIXTURE
2026-02-05,balmoral,Balmoral,2,18.1,true,SYNTHETIC_ENGINEERING_FIXTURE
2026-02-06,palm-beach,Palm Beach,10,18.2,true,SYNTHETIC_ENGINEERING_FIXTURE
2026-02-06,north-steyne,North Steyne,7,18.2,true,SYNTHETIC_ENGINEERING_FIXTURE
2026-02-06,bondi,Bondi,24,18.2,true,SYNTHETIC_ENGINEERING_FIXTURE
2026-02-06,coogee,Coogee,3,18.2,true,SYNTHETIC_ENGINEERING_FIXTURE
2026-02-06,cronulla,Cronulla,19,18.2,true,SYNTHETIC_ENGINEERING_FIXTURE
2026-02-06,balmoral,Balmoral,1,18.2,true,SYNTHETIC_ENGINEERING_FIXTURE
2026-02-07,palm-beach,Palm Beach,67,18.2,true,SYNTHETIC_ENGINEERING_FIXTURE
2026-02-07,north-steyne,North Steyne,3,18.2,true,SYNTHETIC_ENGINEERING_FIXTURE
2026-02-07,bondi,Bondi,34,18.2,true,SYNTHETIC_ENGINEERING_FIXTURE
2026-02-07,coogee,Coogee,3,18.2,true,SYNTHETIC_ENGINEERING_FIXTURE
2026-02-07,cronulla,Cronulla,5,18.2,true,SYNTHETIC_ENGINEERING_FIXTURE
2026-02-07,balmoral,Balmoral,6,18.2,true,SYNTHETIC_ENGINEERING_FIXTURE
2026-02-08,palm-beach,Palm Beach,1,18.3,true,SYNTHETIC_ENGINEERING_FIXTURE
2026-02-08,north-steyne,North Steyne,4,18.3,true,SYNTHETIC_ENGINEERING_FIXTURE
2026-02-08,bondi,Bondi,11,18.3,true,SYNTHETIC_ENGINEERING_FIXTURE
2026-02-08,coogee,Coogee,6,18.3,true,SYNTHETIC_ENGINEERING_FIXTURE
2026-02-08,cronulla,Cronulla,4,18.3,true,SYNTHETIC_ENGINEERING_FIXTURE
2026-02-08,balmoral,Balmoral,5,18.3,true,SYNTHETIC_ENGINEERING_FIXTURE
2026-02-09,palm-beach,Palm Beach,18,18.3,true,SYNTHETIC_ENGINEERING_FIXTURE
2026-02-09,north-steyne,North Steyne,6,18.3,true,SYNTHETIC_ENGINEERING_FIXTURE
2026-02-09,bondi,Bondi,12,18.3,true,SYNTHETIC_ENGINEERING_FIXTURE
2026-02-09,coogee,Coogee,5,18.3,true,SYNTHETIC_ENGINEERING_FIXTURE
2026-02-09,cronulla,Cronulla,10,18.3,true,SYNTHETIC_ENGINEERING_FIXTURE
2026-02-09,balmoral,Balmoral,2,18.3,true,SYNTHETIC_ENGINEERING_FIXTURE
2026-02-10,palm-beach,Palm Beach,38,18.4,true,SYNTHETIC_ENGINEERING_FIXTURE
2026-02-10,north-steyne,North Steyne,12,18.4,true,SYNTHETIC_ENGINEERING_FIXTURE
2026-02-10,bondi,Bondi,4,18.4,true,SYNTHETIC_ENGINEERING_FIXTURE
2026-02-10,coogee,Coogee,3,18.4,true,SYNTHETIC_ENGINEERING_FIXTURE
2026-02-10,cronulla,Cronulla,6,18.4,true,SYNTHETIC_ENGINEERING_FIXTURE
2026-02-10,balmoral,Balmoral,8,18.4,true,SYNTHETIC_ENGINEERING_FIXTURE
2026-02-11,palm-beach,Palm Beach,7,18.4,true,SYNTHETIC_ENGINEERING_FIXTURE
2026-02-11,north-steyne,North Steyne,4,18.4,true,SYNTHETIC_ENGINEERING_FIXTURE
2026-02-11,bondi,Bondi,25,18.4,true,SYNTHETIC_ENGINEERING_FIXTURE
2026-02-11,coogee,Coogee,3,18.4,true,SYNTHETIC_ENGINEERING_FIXTURE
2026-02-11,cronulla,Cronulla,11,18.4,true,SYNTHETIC_ENGINEERING_FIXTURE
2026-02-11,balmoral,Balmoral,23,18.4,true,SYNTHETIC_ENGINEERING_FIXTURE
2026-02-12,palm-beach,Palm Beach,2,18.5,true,SYNTHETIC_ENGINEERING_FIXTURE
2026-02-12,north-steyne,North Steyne,8,18.5,true,SYNTHETIC_ENGINEERING_FIXTURE
2026-02-12,bondi,Bondi,6,18.5,true,SYNTHETIC_ENGINEERING_FIXTURE
2026-02-12,coogee,Coogee,2,18.5,true,SYNTHETIC_ENGINEERING_FIXTURE
2026-02-12,cronulla,Cronulla,7,18.5,true,SYNTHETIC_ENGINEERING_FIXTURE
2026-02-12,balmoral,Balmoral,6,18.5,true,SYNTHETIC_ENGINEERING_FIXTURE
2026-02-13,palm-beach,Palm Beach,7,18.5,true,SYNTHETIC_ENGINEERING_FIXTURE
2026-02-13,north-steyne,North Steyne,14,18.5,true,SYNTHETIC_ENGINEERING_FIXTURE
2026-02-13,bondi,Bondi,1,18.5,true,SYNTHETIC_ENGINEERING_FIXTURE
2026-02-13,coogee,Coogee,1,18.5,true,SYNTHETIC_ENGINEERING_FIXTURE
2026-02-13,cronulla,Cronulla,27,18.5,true,SYNTHETIC_ENGINEERING_FIXTURE
2026-02-13,balmoral,Balmoral,3,18.5,true,SYNTHETIC_ENGINEERING_FIXTURE
2026-02-14,palm-beach,Palm Beach,81,18.6,true,SYNTHETIC_ENGINEERING_FIXTURE
2026-02-14,north-steyne,North Steyne,29,18.6,true,SYNTHETIC_ENGINEERING_FIXTURE
2026-02-14,bondi,Bondi,2,18.6,true,SYNTHETIC_ENGINEERING_FIXTURE
2026-02-14,coogee,Coogee,12,18.6,true,SYNTHETIC_ENGINEERING_FIXTURE
2026-02-14,cronulla,Cronulla,1,18.6,true,SYNTHETIC_ENGINEERING_FIXTURE
2026-02-14,balmoral,Balmoral,10,18.6,true,SYNTHETIC_ENGINEERING_FIXTURE
2026-02-15,palm-beach,Palm Beach,5,18.7,true,SYNTHETIC_ENGINEERING_FIXTURE
2026-02-15,north-steyne,North Steyne,20,18.7,true,SYNTHETIC_ENGINEERING_FIXTURE
2026-02-15,bondi,Bondi,6,18.7,true,SYNTHETIC_ENGINEERING_FIXTURE
2026-02-15,coogee,Coogee,33,18.7,true,SYNTHETIC_ENGINEERING_FIXTURE
2026-02-15,cronulla,Cronulla,5,18.7,true,SYNTHETIC_ENGINEERING_FIXTURE
2026-02-15,balmoral,Balmoral,2,18.7,true,SYNTHETIC_ENGINEERING_FIXTURE
2026-02-16,palm-beach,Palm Beach,8,18.7,true,SYNTHETIC_ENGINEERING_FIXTURE
2026-02-16,north-steyne,North Steyne,9,18.7,true,SYNTHETIC_ENGINEERING_FIXTURE
2026-02-16,bondi,Bondi,2,18.7,true,SYNTHETIC_ENGINEERING_FIXTURE
2026-02-16,coogee,Coogee,9,18.7,true,SYNTHETIC_ENGINEERING_FIXTURE
2026-02-16,cronulla,Cronulla,12,18.7,true,SYNTHETIC_ENGINEERING_FIXTURE
2026-02-16,balmoral,Balmoral,5,18.7,true,SYNTHETIC_ENGINEERING_FIXTURE
2026-02-17,palm-beach,Palm Beach,32,18.8,true,SYNTHETIC_ENGINEERING_FIXTURE
2026-02-17,north-steyne,North Steyne,4,18.8,true,SYNTHETIC_ENGINEERING_FIXTURE
2026-02-17,bondi,Bondi,6,18.8,true,SYNTHETIC_ENGINEERING_FIXTURE
2026-02-17,coogee,Coogee,2,18.8,true,SYNTHETIC_ENGINEERING_FIXTURE
2026-02-17,cronulla,Cronulla,39,18.8,true,SYNTHETIC_ENGINEERING_FIXTURE
2026-02-17,balmoral,Balmoral,12,18.8,true,SYNTHETIC_ENGINEERING_FIXTURE
2026-02-18,palm-beach,Palm Beach,20,18.8,true,SYNTHETIC_ENGINEERING_FIXTURE
2026-02-18,north-steyne,North Steyne,3,18.8,true,SYNTHETIC_ENGINEERING_FIXTURE
2026-02-18,bondi,Bondi,23,18.8,true,SYNTHETIC_ENGINEERING_FIXTURE
2026-02-18,coogee,Coogee,5,18.8,true,SYNTHETIC_ENGINEERING_FIXTURE
2026-02-18,cronulla,Cronulla,3,18.8,true,SYNTHETIC_ENGINEERING_FIXTURE
2026-02-18,balmoral,Balmoral,2,18.8,true,SYNTHETIC_ENGINEERING_FIXTURE
2026-02-19,palm-beach,Palm Beach,8,18.9,true,SYNTHETIC_ENGINEERING_FIXTURE
2026-02-19,north-steyne,North Steyne,22,18.9,true,SYNTHETIC_ENGINEERING_FIXTURE
2026-02-19,bondi,Bondi,0,18.9,true,SYNTHETIC_ENGINEERING_FIXTURE
2026-02-19,coogee,Coogee,15,18.9,true,SYNTHETIC_ENGINEERING_FIXTURE
2026-02-19,cronulla,Cronulla,6,18.9,true,SYNTHETIC_ENGINEERING_FIXTURE
2026-02-19,balmoral,Balmoral,6,18.9,true,SYNTHETIC_ENGINEERING_FIXTURE
2026-02-20,palm-beach,Palm Beach,28,19.0,true,SYNTHETIC_ENGINEERING_FIXTURE
2026-02-20,north-steyne,North Steyne,2,19.0,true,SYNTHETIC_ENGINEERING_FIXTURE
2026-02-20,bondi,Bondi,6,19.0,true,SYNTHETIC_ENGINEERING_FIXTURE
2026-02-20,coogee,Coogee,10,19.0,true,SYNTHETIC_ENGINEERING_FIXTURE
2026-02-20,cronulla,Cronulla,5,19.0,true,SYNTHETIC_ENGINEERING_FIXTURE
2026-02-20,balmoral,Balmoral,2,19.0,true,SYNTHETIC_ENGINEERING_FIXTURE
2026-02-21,palm-beach,Palm Beach,5,19.0,true,SYNTHETIC_ENGINEERING_FIXTURE
2026-02-21,north-steyne,North Steyne,2,19.0,true,SYNTHETIC_ENGINEERING_FIXTURE
2026-02-21,bondi,Bondi,17,19.0,true,SYNTHETIC_ENGINEERING_FIXTURE
2026-02-21,coogee,Coogee,2,19.0,true,SYNTHETIC_ENGINEERING_FIXTURE
2026-02-21,cronulla,Cronulla,13,19.0,true,SYNTHETIC_ENGINEERING_FIXTURE
2026-02-21,balmoral,Balmoral,3,19.0,true,SYNTHETIC_ENGINEERING_FIXTURE
2026-02-22,palm-beach,Palm Beach,18,19.1,true,SYNTHETIC_ENGINEERING_FIXTURE
2026-02-22,north-steyne,North Steyne,10,19.1,true,SYNTHETIC_ENGINEERING_FIXTURE
2026-02-22,bondi,Bondi,11,19.1,true,SYNTHETIC_ENGINEERING_FIXTURE
2026-02-22,coogee,Coogee,5,19.1,true,SYNTHETIC_ENGINEERING_FIXTURE
2026-02-22,cronulla,Cronulla,21,19.1,true,SYNTHETIC_ENGINEERING_FIXTURE
2026-02-22,balmoral,Balmoral,12,19.1,true,SYNTHETIC_ENGINEERING_FIXTURE
2026-02-23,palm-beach,Palm Beach,3,19.1,true,SYNTHETIC_ENGINEERING_FIXTURE
2026-02-23,north-steyne,North Steyne,2,19.1,true,SYNTHETIC_ENGINEERING_FIXTURE
2026-02-23,bondi,Bondi,10,19.1,true,SYNTHETIC_ENGINEERING_FIXTURE
2026-02-23,coogee,Coogee,3,19.1,true,SYNTHETIC_ENGINEERING_FIXTURE
2026-02-23,cronulla,Cronulla,22,19.1,true,SYNTHETIC_ENGINEERING_FIXTURE
2026-02-23,balmoral,Balmoral,8,19.1,true,SYNTHETIC_ENGINEERING_FIXTURE
2026-02-24,palm-beach,Palm Beach,3,19.2,true,SYNTHETIC_ENGINEERING_FIXTURE
2026-02-24,north-steyne,North Steyne,6,19.2,true,SYNTHETIC_ENGINEERING_FIXTURE
2026-02-24,bondi,Bondi,1,19.2,true,SYNTHETIC_ENGINEERING_FIXTURE
2026-02-24,coogee,Coogee,3,19.2,true,SYNTHETIC_ENGINEERING_FIXTURE
2026-02-24,cronulla,Cronulla,3,19.2,true,SYNTHETIC_ENGINEERING_FIXTURE
2026-02-24,balmoral,Balmoral,2,19.2,true,SYNTHETIC_ENGINEERING_FIXTURE
2026-02-25,palm-beach,Palm Beach,39,19.3,true,SYNTHETIC_ENGINEERING_FIXTURE
2026-02-25,north-steyne,North Steyne,6,19.3,true,SYNTHETIC_ENGINEERING_FIXTURE
2026-02-25,bondi,Bondi,1,19.3,true,SYNTHETIC_ENGINEERING_FIXTURE
2026-02-25,coogee,Coogee,1,19.3,true,SYNTHETIC_ENGINEERING_FIXTURE
2026-02-25,cronulla,Cronulla,10,19.3,true,SYNTHETIC_ENGINEERING_FIXTURE
2026-02-25,balmoral,Balmoral,9,19.3,true,SYNTHETIC_ENGINEERING_FIXTURE
2026-02-26,palm-beach,Palm Beach,2,19.3,true,SYNTHETIC_ENGINEERING_FIXTURE
2026-02-26,north-steyne,North Steyne,2,19.3,true,SYNTHETIC_ENGINEERING_FIXTURE
2026-02-26,bondi,Bondi,42,19.3,true,SYNTHETIC_ENGINEERING_FIXTURE
2026-02-26,coogee,Coogee,2,19.3,true,SYNTHETIC_ENGINEERING_FIXTURE
2026-02-26,cronulla,Cronulla,13,19.3,true,SYNTHETIC_ENGINEERING_FIXTURE
2026-02-26,balmoral,Balmoral,97,19.3,true,SYNTHETIC_ENGINEERING_FIXTURE
2026-02-27,palm-beach,Palm Beach,10,19.4,true,SYNTHETIC_ENGINEERING_FIXTURE
2026-02-27,north-steyne,North Steyne,4,19.4,true,SYNTHETIC_ENGINEERING_FIXTURE
2026-02-27,bondi,Bondi,7,19.4,true,SYNTHETIC_ENGINEERING_FIXTURE
2026-02-27,coogee,Coogee,4,19.4,true,SYNTHETIC_ENGINEERING_FIXTURE
2026-02-27,cronulla,Cronulla,2,19.4,true,SYNTHETIC_ENGINEERING_FIXTURE
2026-02-27,balmoral,Balmoral,5,19.4,true,SYNTHETIC_ENGINEERING_FIXTURE
2026-02-28,palm-beach,Palm Beach,9,19.4,true,SYNTHETIC_ENGINEERING_FIXTURE
2026-02-28,north-steyne,North Steyne,6,19.4,true,SYNTHETIC_ENGINEERING_FIXTURE
2026-02-28,bondi,Bondi,4,19.4,true,SYNTHETIC_ENGINEERING_FIXTURE
2026-02-28,coogee,Coogee,25,19.4,true,SYNTHETIC_ENGINEERING_FIXTURE
2026-02-28,cronulla,Cronulla,9,19.4,true,SYNTHETIC_ENGINEERING_FIXTURE
2026-02-28,balmoral,Balmoral,37,19.4,true,SYNTHETIC_ENGINEERING_FIXTURE
2026-03-01,palm-beach,Palm Beach,18,19.5,true,SYNTHETIC_ENGINEERING_FIXTURE
2026-03-01,north-steyne,North Steyne,4,19.5,true,SYNTHETIC_ENGINEERING_FIXTURE
2026-03-01,bondi,Bondi,0,19.5,true,SYNTHETIC_ENGINEERING_FIXTURE
2026-03-01,coogee,Coogee,18,19.5,true,SYNTHETIC_ENGINEERING_FIXTURE
2026-03-01,cronulla,Cronulla,19,19.5,true,SYNTHETIC_ENGINEERING_FIXTURE
2026-03-01,balmoral,Balmoral,16,19.5,true,SYNTHETIC_ENGINEERING_FIXTURE
2026-03-02,palm-beach,Palm Beach,3,19.6,true,SYNTHETIC_ENGINEERING_FIXTURE
2026-03-02,north-steyne,North Steyne,5,19.6,true,SYNTHETIC_ENGINEERING_FIXTURE
2026-03-02,bondi,Bondi,3,19.6,true,SYNTHETIC_ENGINEERING_FIXTURE
2026-03-02,coogee,Coogee,14,19.6,true,SYNTHETIC_ENGINEERING_FIXTURE
2026-03-02,cronulla,Cronulla,10,19.6,true,SYNTHETIC_ENGINEERING_FIXTURE
2026-03-02,balmoral,Balmoral,5,19.6,true,SYNTHETIC_ENGINEERING_FIXTURE
2026-03-03,palm-beach,Palm Beach,11,19.6,true,SYNTHETIC_ENGINEERING_FIXTURE
2026-03-03,north-steyne,North Steyne,7,19.6,true,SYNTHETIC_ENGINEERING_FIXTURE
2026-03-03,bondi,Bondi,26,19.6,true,SYNTHETIC_ENGINEERING_FIXTURE
2026-03-03,coogee,Coogee,4,19.6,true,SYNTHETIC_ENGINEERING_FIXTURE
2026-03-03,cronulla,Cronulla,4,19.6,true,SYNTHETIC_ENGINEERING_FIXTURE
2026-03-03,balmoral,Balmoral,10,19.6,true,SYNTHETIC_ENGINEERING_FIXTURE
2026-03-04,palm-beach,Palm Beach,36,19.7,true,SYNTHETIC_ENGINEERING_FIXTURE
2026-03-04,north-steyne,North Steyne,3,19.7,true,SYNTHETIC_ENGINEERING_FIXTURE
2026-03-04,bondi,Bondi,8,19.7,true,SYNTHETIC_ENGINEERING_FIXTURE
2026-03-04,coogee,Coogee,13,19.7,true,SYNTHETIC_ENGINEERING_FIXTURE
2026-03-04,cronulla,Cronulla,4,19.7,true,SYNTHETIC_ENGINEERING_FIXTURE
2026-03-04,balmoral,Balmoral,6,19.7,true,SYNTHETIC_ENGINEERING_FIXTURE
2026-03-05,palm-beach,Palm Beach,4,19.7,true,SYNTHETIC_ENGINEERING_FIXTURE
2026-03-05,north-steyne,North Steyne,13,19.7,true,SYNTHETIC_ENGINEERING_FIXTURE
2026-03-05,bondi,Bondi,12,19.7,true,SYNTHETIC_ENGINEERING_FIXTURE
2026-03-05,coogee,Coogee,12,19.7,true,SYNTHETIC_ENGINEERING_FIXTURE
2026-03-05,cronulla,Cronulla,11,19.7,true,SYNTHETIC_ENGINEERING_FIXTURE
2026-03-05,balmoral,Balmoral,14,19.7,true,SYNTHETIC_ENGINEERING_FIXTURE
2026-03-06,palm-beach,Palm Beach,12,19.8,true,SYNTHETIC_ENGINEERING_FIXTURE
2026-03-06,north-steyne,North Steyne,5,19.8,true,SYNTHETIC_ENGINEERING_FIXTURE
2026-03-06,bondi,Bondi,3,19.8,true,SYNTHETIC_ENGINEERING_FIXTURE
2026-03-06,coogee,Coogee,3,19.8,true,SYNTHETIC_ENGINEERING_FIXTURE
2026-03-06,cronulla,Cronulla,11,19.8,true,SYNTHETIC_ENGINEERING_FIXTURE
2026-03-06,balmoral,Balmoral,0,19.8,true,SYNTHETIC_ENGINEERING_FIXTURE
2026-03-07,palm-beach,Palm Beach,3,19.9,true,SYNTHETIC_ENGINEERING_FIXTURE
2026-03-07,north-steyne,North Steyne,11,19.9,true,SYNTHETIC_ENGINEERING_FIXTURE
2026-03-07,bondi,Bondi,8,19.9,true,SYNTHETIC_ENGINEERING_FIXTURE
2026-03-07,coogee,Coogee,17,19.9,true,SYNTHETIC_ENGINEERING_FIXTURE
2026-03-07,cronulla,Cronulla,1,19.9,true,SYNTHETIC_ENGINEERING_FIXTURE
2026-03-07,balmoral,Balmoral,53,19.9,true,SYNTHETIC_ENGINEERING_FIXTURE
2026-03-08,palm-beach,Palm Beach,0,19.9,true,SYNTHETIC_ENGINEERING_FIXTURE
2026-03-08,north-steyne,North Steyne,16,19.9,true,SYNTHETIC_ENGINEERING_FIXTURE
2026-03-08,bondi,Bondi,8,19.9,true,SYNTHETIC_ENGINEERING_FIXTURE
2026-03-08,coogee,Coogee,0,19.9,true,SYNTHETIC_ENGINEERING_FIXTURE
2026-03-08,cronulla,Cronulla,7,19.9,true,SYNTHETIC_ENGINEERING_FIXTURE
2026-03-08,balmoral,Balmoral,4,19.9,true,SYNTHETIC_ENGINEERING_FIXTURE
2026-03-09,palm-beach,Palm Beach,3,20.0,true,SYNTHETIC_ENGINEERING_FIXTURE
2026-03-09,north-steyne,North Steyne,9,20.0,true,SYNTHETIC_ENGINEERING_FIXTURE
2026-03-09,bondi,Bondi,2,20.0,true,SYNTHETIC_ENGINEERING_FIXTURE
2026-03-09,coogee,Coogee,11,20.0,true,SYNTHETIC_ENGINEERING_FIXTURE
2026-03-09,cronulla,Cronulla,25,20.0,true,SYNTHETIC_ENGINEERING_FIXTURE
2026-03-09,balmoral,Balmoral,1,20.0,true,SYNTHETIC_ENGINEERING_FIXTURE
2026-03-10,palm-beach,Palm Beach,16,20.0,true,SYNTHETIC_ENGINEERING_FIXTURE
2026-03-10,north-steyne,North Steyne,4,20.0,true,SYNTHETIC_ENGINEERING_FIXTURE
2026-03-10,bondi,Bondi,7,20.0,true,SYNTHETIC_ENGINEERING_FIXTURE
2026-03-10,coogee,Coogee,12,20.0,true,SYNTHETIC_ENGINEERING_FIXTURE
2026-03-10,cronulla,Cronulla,9,20.0,true,SYNTHETIC_ENGINEERING_FIXTURE
2026-03-10,balmoral,Balmoral,0,20.0,true,SYNTHETIC_ENGINEERING_FIXTURE
2026-03-11,palm-beach,Palm Beach,22,20.1,true,SYNTHETIC_ENGINEERING_FIXTURE
2026-03-11,north-steyne,North Steyne,16,20.1,true,SYNTHETIC_ENGINEERING_FIXTURE
2026-03-11,bondi,Bondi,10,20.1,true,SYNTHETIC_ENGINEERING_FIXTURE
2026-03-11,coogee,Coogee,10,20.1,true,SYNTHETIC_ENGINEERING_FIXTURE
2026-03-11,cronulla,Cronulla,5,20.1,true,SYNTHETIC_ENGINEERING_FIXTURE
2026-03-11,balmoral,Balmoral,3,20.1,true,SYNTHETIC_ENGINEERING_FIXTURE
2026-03-12,palm-beach,Palm Beach,17,20.2,true,SYNTHETIC_ENGINEERING_FIXTURE
2026-03-12,north-steyne,North Steyne,0,20.2,true,SYNTHETIC_ENGINEERING_FIXTURE
2026-03-12,bondi,Bondi,2,20.2,true,SYNTHETIC_ENGINEERING_FIXTURE
2026-03-12,coogee,Coogee,5,20.2,true,SYNTHETIC_ENGINEERING_FIXTURE
2026-03-12,cronulla,Cronulla,3,20.2,true,SYNTHETIC_ENGINEERING_FIXTURE
2026-03-12,balmoral,Balmoral,2,20.2,true,SYNTHETIC_ENGINEERING_FIXTURE
2026-03-13,palm-beach,Palm Beach,3,20.2,true,SYNTHETIC_ENGINEERING_FIXTURE
2026-03-13,north-steyne,North Steyne,6,20.2,true,SYNTHETIC_ENGINEERING_FIXTURE
2026-03-13,bondi,Bondi,13,20.2,true,SYNTHETIC_ENGINEERING_FIXTURE
2026-03-13,coogee,Coogee,2,20.2,true,SYNTHETIC_ENGINEERING_FIXTURE
2026-03-13,cronulla,Cronulla,6,20.2,true,SYNTHETIC_ENGINEERING_FIXTURE
2026-03-13,balmoral,Balmoral,50,20.2,true,SYNTHETIC_ENGINEERING_FIXTURE
2026-03-14,palm-beach,Palm Beach,19,20.3,true,SYNTHETIC_ENGINEERING_FIXTURE
2026-03-14,north-steyne,North Steyne,7,20.3,true,SYNTHETIC_ENGINEERING_FIXTURE
2026-03-14,bondi,Bondi,14,20.3,true,SYNTHETIC_ENGINEERING_FIXTURE
2026-03-14,coogee,Coogee,7,20.3,true,SYNTHETIC_ENGINEERING_FIXTURE
2026-03-14,cronulla,Cronulla,12,20.3,true,SYNTHETIC_ENGINEERING_FIXTURE
2026-03-14,balmoral,Balmoral,3,20.3,true,SYNTHETIC_ENGINEERING_FIXTURE
2026-03-15,palm-beach,Palm Beach,2,20.3,true,SYNTHETIC_ENGINEERING_FIXTURE
2026-03-15,north-steyne,North Steyne,1,20.3,true,SYNTHETIC_ENGINEERING_FIXTURE
2026-03-15,bondi,Bondi,9,20.3,true,SYNTHETIC_ENGINEERING_FIXTURE
2026-03-15,coogee,Coogee,7,20.3,true,SYNTHETIC_ENGINEERING_FIXTURE
2026-03-15,cronulla,Cronulla,10,20.3,true,SYNTHETIC_ENGINEERING_FIXTURE
2026-03-15,balmoral,Balmoral,12,20.3,true,SYNTHETIC_ENGINEERING_FIXTURE
2026-03-16,palm-beach,Palm Beach,10,20.4,true,SYNTHETIC_ENGINEERING_FIXTURE
2026-03-16,north-steyne,North Steyne,5,20.4,true,SYNTHETIC_ENGINEERING_FIXTURE
2026-03-16,bondi,Bondi,8,20.4,true,SYNTHETIC_ENGINEERING_FIXTURE
2026-03-16,coogee,Coogee,6,20.4,true,SYNTHETIC_ENGINEERING_FIXTURE
2026-03-16,cronulla,Cronulla,40,20.4,true,SYNTHETIC_ENGINEERING_FIXTURE
2026-03-16,balmoral,Balmoral,6,20.4,true,SYNTHETIC_ENGINEERING_FIXTURE
2026-03-17,palm-beach,Palm Beach,13,20.5,true,SYNTHETIC_ENGINEERING_FIXTURE
2026-03-17,north-steyne,North Steyne,4,20.5,true,SYNTHETIC_ENGINEERING_FIXTURE
2026-03-17,bondi,Bondi,3,20.5,true,SYNTHETIC_ENGINEERING_FIXTURE
2026-03-17,coogee,Coogee,2,20.5,true,SYNTHETIC_ENGINEERING_FIXTURE
2026-03-17,cronulla,Cronulla,3,20.5,true,SYNTHETIC_ENGINEERING_FIXTURE
2026-03-17,balmoral,Balmoral,2,20.5,true,SYNTHETIC_ENGINEERING_FIXTURE
2026-03-18,palm-beach,Palm Beach,5,20.5,true,SYNTHETIC_ENGINEERING_FIXTURE
2026-03-18,north-steyne,North Steyne,19,20.5,true,SYNTHETIC_ENGINEERING_FIXTURE
2026-03-18,bondi,Bondi,2,20.5,true,SYNTHETIC_ENGINEERING_FIXTURE
2026-03-18,coogee,Coogee,29,20.5,true,SYNTHETIC_ENGINEERING_FIXTURE
2026-03-18,cronulla,Cronulla,41,20.5,true,SYNTHETIC_ENGINEERING_FIXTURE
2026-03-18,balmoral,Balmoral,5,20.5,true,SYNTHETIC_ENGINEERING_FIXTURE
2026-03-19,palm-beach,Palm Beach,15,20.6,true,SYNTHETIC_ENGINEERING_FIXTURE
2026-03-19,north-steyne,North Steyne,3,20.6,true,SYNTHETIC_ENGINEERING_FIXTURE
2026-03-19,bondi,Bondi,0,20.6,true,SYNTHETIC_ENGINEERING_FIXTURE
2026-03-19,coogee,Coogee,5,20.6,true,SYNTHETIC_ENGINEERING_FIXTURE
2026-03-19,cronulla,Cronulla,5,20.6,true,SYNTHETIC_ENGINEERING_FIXTURE
2026-03-19,balmoral,Balmoral,44,20.6,true,SYNTHETIC_ENGINEERING_FIXTURE
2026-03-20,palm-beach,Palm Beach,8,20.6,true,SYNTHETIC_ENGINEERING_FIXTURE
2026-03-20,north-steyne,North Steyne,1,20.6,true,SYNTHETIC_ENGINEERING_FIXTURE
2026-03-20,bondi,Bondi,2,20.6,true,SYNTHETIC_ENGINEERING_FIXTURE
2026-03-20,coogee,Coogee,10,20.6,true,SYNTHETIC_ENGINEERING_FIXTURE
2026-03-20,cronulla,Cronulla,3,20.6,true,SYNTHETIC_ENGINEERING_FIXTURE
2026-03-20,balmoral,Balmoral,21,20.6,true,SYNTHETIC_ENGINEERING_FIXTURE
2026-03-21,palm-beach,Palm Beach,1,20.7,true,SYNTHETIC_ENGINEERING_FIXTURE
2026-03-21,north-steyne,North Steyne,10,20.7,true,SYNTHETIC_ENGINEERING_FIXTURE
2026-03-21,bondi,Bondi,4,20.7,true,SYNTHETIC_ENGINEERING_FIXTURE
2026-03-21,coogee,Coogee,18,20.7,true,SYNTHETIC_ENGINEERING_FIXTURE
2026-03-21,cronulla,Cronulla,8,20.7,true,SYNTHETIC_ENGINEERING_FIXTURE
2026-03-21,balmoral,Balmoral,2,20.7,true,SYNTHETIC_ENGINEERING_FIXTURE
2026-03-22,palm-beach,Palm Beach,13,20.7,true,SYNTHETIC_ENGINEERING_FIXTURE
2026-03-22,north-steyne,North Steyne,1,20.7,true,SYNTHETIC_ENGINEERING_FIXTURE
2026-03-22,bondi,Bondi,3,20.7,true,SYNTHETIC_ENGINEERING_FIXTURE
2026-03-22,coogee,Coogee,45,20.7,true,SYNTHETIC_ENGINEERING_FIXTURE
2026-03-22,cronulla,Cronulla,2,20.7,true,SYNTHETIC_ENGINEERING_FIXTURE
2026-03-22,balmoral,Balmoral,7,20.7,true,SYNTHETIC_ENGINEERING_FIXTURE
2026-03-23,palm-beach,Palm Beach,3,20.8,true,SYNTHETIC_ENGINEERING_FIXTURE
2026-03-23,north-steyne,North Steyne,9,20.8,true,SYNTHETIC_ENGINEERING_FIXTURE
2026-03-23,bondi,Bondi,7,20.8,true,SYNTHETIC_ENGINEERING_FIXTURE
2026-03-23,coogee,Coogee,4,20.8,true,SYNTHETIC_ENGINEERING_FIXTURE
2026-03-23,cronulla,Cronulla,3,20.8,true,SYNTHETIC_ENGINEERING_FIXTURE
2026-03-23,balmoral,Balmoral,10,20.8,true,SYNTHETIC_ENGINEERING_FIXTURE
2026-03-24,palm-beach,Palm Beach,1,20.8,true,SYNTHETIC_ENGINEERING_FIXTURE
2026-03-24,north-steyne,North Steyne,14,20.8,true,SYNTHETIC_ENGINEERING_FIXTURE
2026-03-24,bondi,Bondi,7,20.8,true,SYNTHETIC_ENGINEERING_FIXTURE
2026-03-24,coogee,Coogee,83,20.8,true,SYNTHETIC_ENGINEERING_FIXTURE
2026-03-24,cronulla,Cronulla,4,20.8,true,SYNTHETIC_ENGINEERING_FIXTURE
2026-03-24,balmoral,Balmoral,1,20.8,true,SYNTHETIC_ENGINEERING_FIXTURE
2026-03-25,palm-beach,Palm Beach,13,20.9,true,SYNTHETIC_ENGINEERING_FIXTURE
2026-03-25,north-steyne,North Steyne,44,20.9,true,SYNTHETIC_ENGINEERING_FIXTURE
2026-03-25,bondi,Bondi,11,20.9,true,SYNTHETIC_ENGINEERING_FIXTURE
2026-03-25,coogee,Coogee,3,20.9,true,SYNTHETIC_ENGINEERING_FIXTURE
2026-03-25,cronulla,Cronulla,25,20.9,true,SYNTHETIC_ENGINEERING_FIXTURE
2026-03-25,balmoral,Balmoral,1,20.9,true,SYNTHETIC_ENGINEERING_FIXTURE
2026-03-26,palm-beach,Palm Beach,2,21.0,true,SYNTHETIC_ENGINEERING_FIXTURE
2026-03-26,north-steyne,North Steyne,1,21.0,true,SYNTHETIC_ENGINEERING_FIXTURE
2026-03-26,bondi,Bondi,8,21.0,true,SYNTHETIC_ENGINEERING_FIXTURE
2026-03-26,coogee,Coogee,15,21.0,true,SYNTHETIC_ENGINEERING_FIXTURE
2026-03-26,cronulla,Cronulla,10,21.0,true,SYNTHETIC_ENGINEERING_FIXTURE
2026-03-26,balmoral,Balmoral,4,21.0,true,SYNTHETIC_ENGINEERING_FIXTURE
2026-03-27,palm-beach,Palm Beach,2,21.0,true,SYNTHETIC_ENGINEERING_FIXTURE
2026-03-27,north-steyne,North Steyne,3,21.0,true,SYNTHETIC_ENGINEERING_FIXTURE
2026-03-27,bondi,Bondi,9,21.0,true,SYNTHETIC_ENGINEERING_FIXTURE
2026-03-27,coogee,Coogee,5,21.0,true,SYNTHETIC_ENGINEERING_FIXTURE
2026-03-27,cronulla,Cronulla,3,21.0,true,SYNTHETIC_ENGINEERING_FIXTURE
2026-03-27,balmoral,Balmoral,2,21.0,true,SYNTHETIC_ENGINEERING_FIXTURE
2026-03-28,palm-beach,Palm Beach,9,21.1,true,SYNTHETIC_ENGINEERING_FIXTURE
2026-03-28,north-steyne,North Steyne,0,21.1,true,SYNTHETIC_ENGINEERING_FIXTURE
2026-03-28,bondi,Bondi,4,21.1,true,SYNTHETIC_ENGINEERING_FIXTURE
2026-03-28,coogee,Coogee,2,21.1,true,SYNTHETIC_ENGINEERING_FIXTURE
2026-03-28,cronulla,Cronulla,1,21.1,true,SYNTHETIC_ENGINEERING_FIXTURE
2026-03-28,balmoral,Balmoral,2,21.1,true,SYNTHETIC_ENGINEERING_FIXTURE
2026-03-29,palm-beach,Palm Beach,8,21.1,true,SYNTHETIC_ENGINEERING_FIXTURE
2026-03-29,north-steyne,North Steyne,21,21.1,true,SYNTHETIC_ENGINEERING_FIXTURE
2026-03-29,bondi,Bondi,4,21.1,true,SYNTHETIC_ENGINEERING_FIXTURE
2026-03-29,coogee,Coogee,12,21.1,true,SYNTHETIC_ENGINEERING_FIXTURE
2026-03-29,cronulla,Cronulla,3,21.1,true,SYNTHETIC_ENGINEERING_FIXTURE
2026-03-29,balmoral,Balmoral,29,21.1,true,SYNTHETIC_ENGINEERING_FIXTURE
2026-03-30,palm-beach,Palm Beach,9,21.2,true,SYNTHETIC_ENGINEERING_FIXTURE
2026-03-30,north-steyne,North Steyne,1,21.2,true,SYNTHETIC_ENGINEERING_FIXTURE
2026-03-30,bondi,Bondi,4,21.2,true,SYNTHETIC_ENGINEERING_FIXTURE
2026-03-30,coogee,Coogee,40,21.2,true,SYNTHETIC_ENGINEERING_FIXTURE
2026-03-30,cronulla,Cronulla,29,21.2,true,SYNTHETIC_ENGINEERING_FIXTURE
2026-03-30,balmoral,Balmoral,28,21.2,true,SYNTHETIC_ENGINEERING_FIXTURE
2026-03-31,palm-beach,Palm Beach,0,21.2,true,SYNTHETIC_ENGINEERING_FIXTURE
2026-03-31,north-steyne,North Steyne,7,21.2,true,SYNTHETIC_ENGINEERING_FIXTURE
2026-03-31,bondi,Bondi,32,21.2,true,SYNTHETIC_ENGINEERING_FIXTURE
2026-03-31,coogee,Coogee,9,21.2,true,SYNTHETIC_ENGINEERING_FIXTURE
2026-03-31,cronulla,Cronulla,2,21.2,true,SYNTHETIC_ENGINEERING_FIXTURE
2026-03-31,balmoral,Balmoral,2,21.2,true,SYNTHETIC_ENGINEERING_FIXTURE
2026-04-01,palm-beach,Palm Beach,94,21.3,true,SYNTHETIC_ENGINEERING_FIXTURE
2026-04-01,north-steyne,North Steyne,45,21.3,true,SYNTHETIC_ENGINEERING_FIXTURE
2026-04-01,bondi,Bondi,1,21.3,true,SYNTHETIC_ENGINEERING_FIXTURE
2026-04-01,coogee,Coogee,2,21.3,true,SYNTHETIC_ENGINEERING_FIXTURE
2026-04-01,cronulla,Cronulla,9,21.3,true,SYNTHETIC_ENGINEERING_FIXTURE
2026-04-01,balmoral,Balmoral,5,21.3,true,SYNTHETIC_ENGINEERING_FIXTURE
2026-04-02,palm-beach,Palm Beach,2,21.3,true,SYNTHETIC_ENGINEERING_FIXTURE
2026-04-02,north-steyne,North Steyne,5,21.3,true,SYNTHETIC_ENGINEERING_FIXTURE
2026-04-02,bondi,Bondi,7,21.3,true,SYNTHETIC_ENGINEERING_FIXTURE
2026-04-02,coogee,Coogee,5,21.3,true,SYNTHETIC_ENGINEERING_FIXTURE
2026-04-02,cronulla,Cronulla,6,21.3,true,SYNTHETIC_ENGINEERING_FIXTURE
2026-04-02,balmoral,Balmoral,3,21.3,true,SYNTHETIC_ENGINEERING_FIXTURE
2026-04-03,palm-beach,Palm Beach,14,21.4,true,SYNTHETIC_ENGINEERING_FIXTURE
2026-04-03,north-steyne,North Steyne,11,21.4,true,SYNTHETIC_ENGINEERING_FIXTURE
2026-04-03,bondi,Bondi,9,21.4,true,SYNTHETIC_ENGINEERING_FIXTURE
2026-04-03,coogee,Coogee,2,21.4,true,SYNTHETIC_ENGINEERING_FIXTURE
2026-04-03,cronulla,Cronulla,2,21.4,true,SYNTHETIC_ENGINEERING_FIXTURE
2026-04-03,balmoral,Balmoral,45,21.4,true,SYNTHETIC_ENGINEERING_FIXTURE
2026-04-04,palm-beach,Palm Beach,1,21.4,true,SYNTHETIC_ENGINEERING_FIXTURE
2026-04-04,north-steyne,North Steyne,3,21.4,true,SYNTHETIC_ENGINEERING_FIXTURE
2026-04-04,bondi,Bondi,25,21.4,true,SYNTHETIC_ENGINEERING_FIXTURE
2026-04-04,coogee,Coogee,4,21.4,true,SYNTHETIC_ENGINEERING_FIXTURE
2026-04-04,cronulla,Cronulla,7,21.4,true,SYNTHETIC_ENGINEERING_FIXTURE
2026-04-04,balmoral,Balmoral,2,21.4,true,SYNTHETIC_ENGINEERING_FIXTURE
2026-04-05,palm-beach,Palm Beach,21,21.5,true,SYNTHETIC_ENGINEERING_FIXTURE
2026-04-05,north-steyne,North Steyne,2,21.5,true,SYNTHETIC_ENGINEERING_FIXTURE
2026-04-05,bondi,Bondi,7,21.5,true,SYNTHETIC_ENGINEERING_FIXTURE
2026-04-05,coogee,Coogee,6,21.5,true,SYNTHETIC_ENGINEERING_FIXTURE
2026-04-05,cronulla,Cronulla,1,21.5,true,SYNTHETIC_ENGINEERING_FIXTURE
2026-04-05,balmoral,Balmoral,3,21.5,true,SYNTHETIC_ENGINEERING_FIXTURE
2026-04-06,palm-beach,Palm Beach,23,21.5,true,SYNTHETIC_ENGINEERING_FIXTURE
2026-04-06,north-steyne,North Steyne,6,21.5,true,SYNTHETIC_ENGINEERING_FIXTURE
2026-04-06,bondi,Bondi,6,21.5,true,SYNTHETIC_ENGINEERING_FIXTURE
2026-04-06,coogee,Coogee,90,21.5,true,SYNTHETIC_ENGINEERING_FIXTURE
2026-04-06,cronulla,Cronulla,2,21.5,true,SYNTHETIC_ENGINEERING_FIXTURE
2026-04-06,balmoral,Balmoral,26,21.5,true,SYNTHETIC_ENGINEERING_FIXTURE
2026-04-07,palm-beach,Palm Beach,4,21.6,true,SYNTHETIC_ENGINEERING_FIXTURE
2026-04-07,north-steyne,North Steyne,0,21.6,true,SYNTHETIC_ENGINEERING_FIXTURE
2026-04-07,bondi,Bondi,13,21.6,true,SYNTHETIC_ENGINEERING_FIXTURE
2026-04-07,coogee,Coogee,20,21.6,true,SYNTHETIC_ENGINEERING_FIXTURE
2026-04-07,cronulla,Cronulla,16,21.6,true,SYNTHETIC_ENGINEERING_FIXTURE
2026-04-07,balmoral,Balmoral,6,21.6,true,SYNTHETIC_ENGINEERING_FIXTURE
2026-04-08,palm-beach,Palm Beach,6,21.6,true,SYNTHETIC_ENGINEERING_FIXTURE
2026-04-08,north-steyne,North Steyne,1,21.6,true,SYNTHETIC_ENGINEERING_FIXTURE
2026-04-08,bondi,Bondi,4,21.6,true,SYNTHETIC_ENGINEERING_FIXTURE
2026-04-08,coogee,Coogee,6,21.6,true,SYNTHETIC_ENGINEERING_FIXTURE
2026-04-08,cronulla,Cronulla,24,21.6,true,SYNTHETIC_ENGINEERING_FIXTURE
2026-04-08,balmoral,Balmoral,4,21.6,true,SYNTHETIC_ENGINEERING_FIXTURE
2026-04-09,palm-beach,Palm Beach,32,21.7,true,SYNTHETIC_ENGINEERING_FIXTURE
2026-04-09,north-steyne,North Steyne,3,21.7,true,SYNTHETIC_ENGINEERING_FIXTURE
2026-04-09,bondi,Bondi,2,21.7,true,SYNTHETIC_ENGINEERING_FIXTURE
2026-04-09,coogee,Coogee,47,21.7,true,SYNTHETIC_ENGINEERING_FIXTURE
2026-04-09,cronulla,Cronulla,23,21.7,true,SYNTHETIC_ENGINEERING_FIXTURE
2026-04-09,balmoral,Balmoral,8,21.7,true,SYNTHETIC_ENGINEERING_FIXTURE
2026-04-10,palm-beach,Palm Beach,15,21.7,true,SYNTHETIC_ENGINEERING_FIXTURE
2026-04-10,north-steyne,North Steyne,15,21.7,true,SYNTHETIC_ENGINEERING_FIXTURE
2026-04-10,bondi,Bondi,6,21.7,true,SYNTHETIC_ENGINEERING_FIXTURE
2026-04-10,coogee,Coogee,7,21.7,true,SYNTHETIC_ENGINEERING_FIXTURE
2026-04-10,cronulla,Cronulla,1,21.7,true,SYNTHETIC_ENGINEERING_FIXTURE
2026-04-10,balmoral,Balmoral,66,21.7,true,SYNTHETIC_ENGINEERING_FIXTURE
2026-04-11,palm-beach,Palm Beach,3,21.8,true,SYNTHETIC_ENGINEERING_FIXTURE
2026-04-11,north-steyne,North Steyne,13,21.8,true,SYNTHETIC_ENGINEERING_FIXTURE
2026-04-11,bondi,Bondi,9,21.8,true,SYNTHETIC_ENGINEERING_FIXTURE
2026-04-11,coogee,Coogee,30,21.8,true,SYNTHETIC_ENGINEERING_FIXTURE
2026-04-11,cronulla,Cronulla,5,21.8,true,SYNTHETIC_ENGINEERING_FIXTURE
2026-04-11,balmoral,Balmoral,79,21.8,true,SYNTHETIC_ENGINEERING_FIXTURE
2026-04-12,palm-beach,Palm Beach,34,21.8,true,SYNTHETIC_ENGINEERING_FIXTURE
2026-04-12,north-steyne,North Steyne,19,21.8,true,SYNTHETIC_ENGINEERING_FIXTURE
2026-04-12,bondi,Bondi,6,21.8,true,SYNTHETIC_ENGINEERING_FIXTURE
2026-04-12,coogee,Coogee,5,21.8,true,SYNTHETIC_ENGINEERING_FIXTURE
2026-04-12,cronulla,Cronulla,5,21.8,true,SYNTHETIC_ENGINEERING_FIXTURE
2026-04-12,balmoral,Balmoral,31,21.8,true,SYNTHETIC_ENGINEERING_FIXTURE
2026-04-13,palm-beach,Palm Beach,3,21.9,true,SYNTHETIC_ENGINEERING_FIXTURE
2026-04-13,north-steyne,North Steyne,8,21.9,true,SYNTHETIC_ENGINEERING_FIXTURE
2026-04-13,bondi,Bondi,5,21.9,true,SYNTHETIC_ENGINEERING_FIXTURE
2026-04-13,coogee,Coogee,3,21.9,true,SYNTHETIC_ENGINEERING_FIXTURE
2026-04-13,cronulla,Cronulla,52,21.9,true,SYNTHETIC_ENGINEERING_FIXTURE
2026-04-13,balmoral,Balmoral,56,21.9,true,SYNTHETIC_ENGINEERING_FIXTURE
2026-04-14,palm-beach,Palm Beach,38,21.9,true,SYNTHETIC_ENGINEERING_FIXTURE
2026-04-14,north-steyne,North Steyne,2,21.9,true,SYNTHETIC_ENGINEERING_FIXTURE
2026-04-14,bondi,Bondi,7,21.9,true,SYNTHETIC_ENGINEERING_FIXTURE
2026-04-14,coogee,Coogee,3,21.9,true,SYNTHETIC_ENGINEERING_FIXTURE
2026-04-14,cronulla,Cronulla,0,21.9,true,SYNTHETIC_ENGINEERING_FIXTURE
2026-04-14,balmoral,Balmoral,5,21.9,true,SYNTHETIC_ENGINEERING_FIXTURE
2026-04-15,palm-beach,Palm Beach,56,21.9,true,SYNTHETIC_ENGINEERING_FIXTURE
2026-04-15,north-steyne,North Steyne,9,21.9,true,SYNTHETIC_ENGINEERING_FIXTURE
2026-04-15,bondi,Bondi,4,21.9,true,SYNTHETIC_ENGINEERING_FIXTURE
2026-04-15,coogee,Coogee,2,21.9,true,SYNTHETIC_ENGINEERING_FIXTURE
2026-04-15,cronulla,Cronulla,1,21.9,true,SYNTHETIC_ENGINEERING_FIXTURE
2026-04-15,balmoral,Balmoral,4,21.9,true,SYNTHETIC_ENGINEERING_FIXTURE
2026-04-16,palm-beach,Palm Beach,0,22.0,true,SYNTHETIC_ENGINEERING_FIXTURE
2026-04-16,north-steyne,North Steyne,10,22.0,true,SYNTHETIC_ENGINEERING_FIXTURE
2026-04-16,bondi,Bondi,2,22.0,true,SYNTHETIC_ENGINEERING_FIXTURE
2026-04-16,coogee,Coogee,8,22.0,true,SYNTHETIC_ENGINEERING_FIXTURE
2026-04-16,cronulla,Cronulla,5,22.0,true,SYNTHETIC_ENGINEERING_FIXTURE
2026-04-16,balmoral,Balmoral,10,22.0,true,SYNTHETIC_ENGINEERING_FIXTURE
2026-04-17,palm-beach,Palm Beach,0,22.0,true,SYNTHETIC_ENGINEERING_FIXTURE
2026-04-17,north-steyne,North Steyne,2,22.0,true,SYNTHETIC_ENGINEERING_FIXTURE
2026-04-17,bondi,Bondi,1,22.0,true,SYNTHETIC_ENGINEERING_FIXTURE
2026-04-17,coogee,Coogee,1,22.0,true,SYNTHETIC_ENGINEERING_FIXTURE
2026-04-17,cronulla,Cronulla,12,22.0,true,SYNTHETIC_ENGINEERING_FIXTURE
2026-04-17,balmoral,Balmoral,0,22.0,true,SYNTHETIC_ENGINEERING_FIXTURE
2026-04-18,palm-beach,Palm Beach,2,22.1,true,SYNTHETIC_ENGINEERING_FIXTURE
2026-04-18,north-steyne,North Steyne,23,22.1,true,SYNTHETIC_ENGINEERING_FIXTURE
2026-04-18,bondi,Bondi,13,22.1,true,SYNTHETIC_ENGINEERING_FIXTURE
2026-04-18,coogee,Coogee,1,22.1,true,SYNTHETIC_ENGINEERING_FIXTURE
2026-04-18,cronulla,Cronulla,81,22.1,true,SYNTHETIC_ENGINEERING_FIXTURE
2026-04-18,balmoral,Balmoral,8,22.1,true,SYNTHETIC_ENGINEERING_FIXTURE
2026-04-19,palm-beach,Palm Beach,7,22.1,true,SYNTHETIC_ENGINEERING_FIXTURE
2026-04-19,north-steyne,North Steyne,3,22.1,true,SYNTHETIC_ENGINEERING_FIXTURE
2026-04-19,bondi,Bondi,18,22.1,true,SYNTHETIC_ENGINEERING_FIXTURE
2026-04-19,coogee,Coogee,13,22.1,true,SYNTHETIC_ENGINEERING_FIXTURE
2026-04-19,cronulla,Cronulla,27,22.1,true,SYNTHETIC_ENGINEERING_FIXTURE
2026-04-19,balmoral,Balmoral,1,22.1,true,SYNTHETIC_ENGINEERING_FIXTURE
2026-04-20,palm-beach,Palm Beach,2,22.2,true,SYNTHETIC_ENGINEERING_FIXTURE
2026-04-20,north-steyne,North Steyne,11,22.2,true,SYNTHETIC_ENGINEERING_FIXTURE
2026-04-20,bondi,Bondi,10,22.2,true,SYNTHETIC_ENGINEERING_FIXTURE
2026-04-20,coogee,Coogee,6,22.2,true,SYNTHETIC_ENGINEERING_FIXTURE
2026-04-20,cronulla,Cronulla,12,22.2,true,SYNTHETIC_ENGINEERING_FIXTURE
2026-04-20,balmoral,Balmoral,1,22.2,true,SYNTHETIC_ENGINEERING_FIXTURE
2026-04-21,palm-beach,Palm Beach,4,22.2,true,SYNTHETIC_ENGINEERING_FIXTURE
2026-04-21,north-steyne,North Steyne,4,22.2,true,SYNTHETIC_ENGINEERING_FIXTURE
2026-04-21,bondi,Bondi,7,22.2,true,SYNTHETIC_ENGINEERING_FIXTURE
2026-04-21,coogee,Coogee,6,22.2,true,SYNTHETIC_ENGINEERING_FIXTURE
2026-04-21,cronulla,Cronulla,45,22.2,true,SYNTHETIC_ENGINEERING_FIXTURE
2026-04-21,balmoral,Balmoral,7,22.2,true,SYNTHETIC_ENGINEERING_FIXTURE
2026-04-22,palm-beach,Palm Beach,10,22.2,true,SYNTHETIC_ENGINEERING_FIXTURE
2026-04-22,north-steyne,North Steyne,2,22.2,true,SYNTHETIC_ENGINEERING_FIXTURE
2026-04-22,bondi,Bondi,5,22.2,true,SYNTHETIC_ENGINEERING_FIXTURE
2026-04-22,coogee,Coogee,6,22.2,true,SYNTHETIC_ENGINEERING_FIXTURE
2026-04-22,cronulla,Cronulla,13,22.2,true,SYNTHETIC_ENGINEERING_FIXTURE
2026-04-22,balmoral,Balmoral,24,22.2,true,SYNTHETIC_ENGINEERING_FIXTURE
2026-04-23,palm-beach,Palm Beach,9,22.3,true,SYNTHETIC_ENGINEERING_FIXTURE
2026-04-23,north-steyne,North Steyne,13,22.3,true,SYNTHETIC_ENGINEERING_FIXTURE
2026-04-23,bondi,Bondi,1,22.3,true,SYNTHETIC_ENGINEERING_FIXTURE
2026-04-23,coogee,Coogee,17,22.3,true,SYNTHETIC_ENGINEERING_FIXTURE
2026-04-23,cronulla,Cronulla,4,22.3,true,SYNTHETIC_ENGINEERING_FIXTURE
2026-04-23,balmoral,Balmoral,31,22.3,true,SYNTHETIC_ENGINEERING_FIXTURE
2026-04-24,palm-beach,Palm Beach,9,22.3,true,SYNTHETIC_ENGINEERING_FIXTURE
2026-04-24,north-steyne,North Steyne,41,22.3,true,SYNTHETIC_ENGINEERING_FIXTURE
2026-04-24,bondi,Bondi,14,22.3,true,SYNTHETIC_ENGINEERING_FIXTURE
2026-04-24,coogee,Coogee,2,22.3,true,SYNTHETIC_ENGINEERING_FIXTURE
2026-04-24,cronulla,Cronulla,45,22.3,true,SYNTHETIC_ENGINEERING_FIXTURE
2026-04-24,balmoral,Balmoral,2,22.3,true,SYNTHETIC_ENGINEERING_FIXTURE
2026-04-25,palm-beach,Palm Beach,8,22.3,true,SYNTHETIC_ENGINEERING_FIXTURE
2026-04-25,north-steyne,North Steyne,6,22.3,true,SYNTHETIC_ENGINEERING_FIXTURE
2026-04-25,bondi,Bondi,7,22.3,true,SYNTHETIC_ENGINEERING_FIXTURE
2026-04-25,coogee,Coogee,4,22.3,true,SYNTHETIC_ENGINEERING_FIXTURE
2026-04-25,cronulla,Cronulla,18,22.3,true,SYNTHETIC_ENGINEERING_FIXTURE
2026-04-25,balmoral,Balmoral,22,22.3,true,SYNTHETIC_ENGINEERING_FIXTURE
2026-04-26,palm-beach,Palm Beach,6,22.4,true,SYNTHETIC_ENGINEERING_FIXTURE
2026-04-26,north-steyne,North Steyne,15,22.4,true,SYNTHETIC_ENGINEERING_FIXTURE
2026-04-26,bondi,Bondi,1,22.4,true,SYNTHETIC_ENGINEERING_FIXTURE
2026-04-26,coogee,Coogee,18,22.4,true,SYNTHETIC_ENGINEERING_FIXTURE
2026-04-26,cronulla,Cronulla,8,22.4,true,SYNTHETIC_ENGINEERING_FIXTURE
2026-04-26,balmoral,Balmoral,3,22.4,true,SYNTHETIC_ENGINEERING_FIXTURE
2026-04-27,palm-beach,Palm Beach,6,22.4,true,SYNTHETIC_ENGINEERING_FIXTURE
2026-04-27,north-steyne,North Steyne,1,22.4,true,SYNTHETIC_ENGINEERING_FIXTURE
2026-04-27,bondi,Bondi,4,22.4,true,SYNTHETIC_ENGINEERING_FIXTURE
2026-04-27,coogee,Coogee,3,22.4,true,SYNTHETIC_ENGINEERING_FIXTURE
2026-04-27,cronulla,Cronulla,4,22.4,true,SYNTHETIC_ENGINEERING_FIXTURE
2026-04-27,balmoral,Balmoral,3,22.4,true,SYNTHETIC_ENGINEERING_FIXTURE
2026-04-28,palm-beach,Palm Beach,2,22.4,true,SYNTHETIC_ENGINEERING_FIXTURE
2026-04-28,north-steyne,North Steyne,4,22.4,true,SYNTHETIC_ENGINEERING_FIXTURE
2026-04-28,bondi,Bondi,7,22.4,true,SYNTHETIC_ENGINEERING_FIXTURE
2026-04-28,coogee,Coogee,5,22.4,true,SYNTHETIC_ENGINEERING_FIXTURE
2026-04-28,cronulla,Cronulla,6,22.4,true,SYNTHETIC_ENGINEERING_FIXTURE
2026-04-28,balmoral,Balmoral,14,22.4,true,SYNTHETIC_ENGINEERING_FIXTURE
2026-04-29,palm-beach,Palm Beach,4,22.5,true,SYNTHETIC_ENGINEERING_FIXTURE
2026-04-29,north-steyne,North Steyne,5,22.5,true,SYNTHETIC_ENGINEERING_FIXTURE
2026-04-29,bondi,Bondi,5,22.5,true,SYNTHETIC_ENGINEERING_FIXTURE
2026-04-29,coogee,Coogee,18,22.5,true,SYNTHETIC_ENGINEERING_FIXTURE
2026-04-29,cronulla,Cronulla,6,22.5,true,SYNTHETIC_ENGINEERING_FIXTURE
2026-04-29,balmoral,Balmoral,4,22.5,true,SYNTHETIC_ENGINEERING_FIXTURE
2026-04-30,palm-beach,Palm Beach,27,22.5,true,SYNTHETIC_ENGINEERING_FIXTURE
2026-04-30,north-steyne,North Steyne,6,22.5,true,SYNTHETIC_ENGINEERING_FIXTURE
2026-04-30,bondi,Bondi,6,22.5,true,SYNTHETIC_ENGINEERING_FIXTURE
2026-04-30,coogee,Coogee,37,22.5,true,SYNTHETIC_ENGINEERING_FIXTURE
2026-04-30,cronulla,Cronulla,0,22.5,true,SYNTHETIC_ENGINEERING_FIXTURE
2026-04-30,balmoral,Balmoral,9,22.5,true,SYNTHETIC_ENGINEERING_FIXTURE
2026-05-01,palm-beach,Palm Beach,5,22.5,true,SYNTHETIC_ENGINEERING_FIXTURE
2026-05-01,north-steyne,North Steyne,5,22.5,true,SYNTHETIC_ENGINEERING_FIXTURE
2026-05-01,bondi,Bondi,29,22.5,true,SYNTHETIC_ENGINEERING_FIXTURE
2026-05-01,coogee,Coogee,2,22.5,true,SYNTHETIC_ENGINEERING_FIXTURE
2026-05-01,cronulla,Cronulla,1,22.5,true,SYNTHETIC_ENGINEERING_FIXTURE
2026-05-01,balmoral,Balmoral,14,22.5,true,SYNTHETIC_ENGINEERING_FIXTURE
2026-05-02,palm-beach,Palm Beach,7,22.6,true,SYNTHETIC_ENGINEERING_FIXTURE
2026-05-02,north-steyne,North Steyne,19,22.6,true,SYNTHETIC_ENGINEERING_FIXTURE
2026-05-02,bondi,Bondi,12,22.6,true,SYNTHETIC_ENGINEERING_FIXTURE
2026-05-02,coogee,Coogee,5,22.6,true,SYNTHETIC_ENGINEERING_FIXTURE
2026-05-02,cronulla,Cronulla,4,22.6,true,SYNTHETIC_ENGINEERING_FIXTURE
2026-05-02,balmoral,Balmoral,6,22.6,true,SYNTHETIC_ENGINEERING_FIXTURE
2026-05-03,palm-beach,Palm Beach,1,22.6,true,SYNTHETIC_ENGINEERING_FIXTURE
2026-05-03,north-steyne,North Steyne,14,22.6,true,SYNTHETIC_ENGINEERING_FIXTURE
2026-05-03,bondi,Bondi,4,22.6,true,SYNTHETIC_ENGINEERING_FIXTURE
2026-05-03,coogee,Coogee,1,22.6,true,SYNTHETIC_ENGINEERING_FIXTURE
2026-05-03,cronulla,Cronulla,26,22.6,true,SYNTHETIC_ENGINEERING_FIXTURE
2026-05-03,balmoral,Balmoral,28,22.6,true,SYNTHETIC_ENGINEERING_FIXTURE
2026-05-04,palm-beach,Palm Beach,51,22.6,true,SYNTHETIC_ENGINEERING_FIXTURE
2026-05-04,north-steyne,North Steyne,2,22.6,true,SYNTHETIC_ENGINEERING_FIXTURE
2026-05-04,bondi,Bondi,4,22.6,true,SYNTHETIC_ENGINEERING_FIXTURE
2026-05-04,coogee,Coogee,100,22.6,true,SYNTHETIC_ENGINEERING_FIXTURE
2026-05-04,cronulla,Cronulla,3,22.6,true,SYNTHETIC_ENGINEERING_FIXTURE
2026-05-04,balmoral,Balmoral,14,22.6,true,SYNTHETIC_ENGINEERING_FIXTURE
2026-05-05,palm-beach,Palm Beach,0,22.6,true,SYNTHETIC_ENGINEERING_FIXTURE
2026-05-05,north-steyne,North Steyne,10,22.6,true,SYNTHETIC_ENGINEERING_FIXTURE
2026-05-05,bondi,Bondi,29,22.6,true,SYNTHETIC_ENGINEERING_FIXTURE
2026-05-05,coogee,Coogee,4,22.6,true,SYNTHETIC_ENGINEERING_FIXTURE
2026-05-05,cronulla,Cronulla,6,22.6,true,SYNTHETIC_ENGINEERING_FIXTURE
2026-05-05,balmoral,Balmoral,7,22.6,true,SYNTHETIC_ENGINEERING_FIXTURE
2026-05-06,palm-beach,Palm Beach,6,22.7,true,SYNTHETIC_ENGINEERING_FIXTURE
2026-05-06,north-steyne,North Steyne,7,22.7,true,SYNTHETIC_ENGINEERING_FIXTURE
2026-05-06,bondi,Bondi,5,22.7,true,SYNTHETIC_ENGINEERING_FIXTURE
2026-05-06,coogee,Coogee,10,22.7,true,SYNTHETIC_ENGINEERING_FIXTURE
2026-05-06,cronulla,Cronulla,5,22.7,true,SYNTHETIC_ENGINEERING_FIXTURE
2026-05-06,balmoral,Balmoral,3,22.7,true,SYNTHETIC_ENGINEERING_FIXTURE
2026-05-07,palm-beach,Palm Beach,12,22.7,true,SYNTHETIC_ENGINEERING_FIXTURE
2026-05-07,north-steyne,North Steyne,25,22.7,true,SYNTHETIC_ENGINEERING_FIXTURE
2026-05-07,bondi,Bondi,11,22.7,true,SYNTHETIC_ENGINEERING_FIXTURE
2026-05-07,coogee,Coogee,13,22.7,true,SYNTHETIC_ENGINEERING_FIXTURE
2026-05-07,cronulla,Cronulla,1,22.7,true,SYNTHETIC_ENGINEERING_FIXTURE
2026-05-07,balmoral,Balmoral,4,22.7,true,SYNTHETIC_ENGINEERING_FIXTURE
2026-05-08,palm-beach,Palm Beach,7,22.7,true,SYNTHETIC_ENGINEERING_FIXTURE
2026-05-08,north-steyne,North Steyne,13,22.7,true,SYNTHETIC_ENGINEERING_FIXTURE
2026-05-08,bondi,Bondi,19,22.7,true,SYNTHETIC_ENGINEERING_FIXTURE
2026-05-08,coogee,Coogee,2,22.7,true,SYNTHETIC_ENGINEERING_FIXTURE
2026-05-08,cronulla,Cronulla,48,22.7,true,SYNTHETIC_ENGINEERING_FIXTURE
2026-05-08,balmoral,Balmoral,5,22.7,true,SYNTHETIC_ENGINEERING_FIXTURE
2026-05-09,palm-beach,Palm Beach,34,22.7,true,SYNTHETIC_ENGINEERING_FIXTURE
2026-05-09,north-steyne,North Steyne,4,22.7,true,SYNTHETIC_ENGINEERING_FIXTURE
2026-05-09,bondi,Bondi,10,22.7,true,SYNTHETIC_ENGINEERING_FIXTURE
2026-05-09,coogee,Coogee,20,22.7,true,SYNTHETIC_ENGINEERING_FIXTURE
2026-05-09,cronulla,Cronulla,17,22.7,true,SYNTHETIC_ENGINEERING_FIXTURE
2026-05-09,balmoral,Balmoral,2,22.7,true,SYNTHETIC_ENGINEERING_FIXTURE
2026-05-10,palm-beach,Palm Beach,1,22.8,true,SYNTHETIC_ENGINEERING_FIXTURE
2026-05-10,north-steyne,North Steyne,2,22.8,true,SYNTHETIC_ENGINEERING_FIXTURE
2026-05-10,bondi,Bondi,4,22.8,true,SYNTHETIC_ENGINEERING_FIXTURE
2026-05-10,coogee,Coogee,2,22.8,true,SYNTHETIC_ENGINEERING_FIXTURE
2026-05-10,cronulla,Cronulla,6,22.8,true,SYNTHETIC_ENGINEERING_FIXTURE
2026-05-10,balmoral,Balmoral,3,22.8,true,SYNTHETIC_ENGINEERING_FIXTURE
2026-05-11,palm-beach,Palm Beach,21,22.8,true,SYNTHETIC_ENGINEERING_FIXTURE
2026-05-11,north-steyne,North Steyne,3,22.8,true,SYNTHETIC_ENGINEERING_FIXTURE
2026-05-11,bondi,Bondi,22,22.8,true,SYNTHETIC_ENGINEERING_FIXTURE
2026-05-11,coogee,Coogee,20,22.8,true,SYNTHETIC_ENGINEERING_FIXTURE
2026-05-11,cronulla,Cronulla,1,22.8,true,SYNTHETIC_ENGINEERING_FIXTURE
2026-05-11,balmoral,Balmoral,26,22.8,true,SYNTHETIC_ENGINEERING_FIXTURE
2026-05-12,palm-beach,Palm Beach,4,22.8,true,SYNTHETIC_ENGINEERING_FIXTURE
2026-05-12,north-steyne,North Steyne,6,22.8,true,SYNTHETIC_ENGINEERING_FIXTURE
2026-05-12,bondi,Bondi,10,22.8,true,SYNTHETIC_ENGINEERING_FIXTURE
2026-05-12,coogee,Coogee,4,22.8,true,SYNTHETIC_ENGINEERING_FIXTURE
2026-05-12,cronulla,Cronulla,15,22.8,true,SYNTHETIC_ENGINEERING_FIXTURE
2026-05-12,balmoral,Balmoral,10,22.8,true,SYNTHETIC_ENGINEERING_FIXTURE
2026-05-13,palm-beach,Palm Beach,4,22.8,true,SYNTHETIC_ENGINEERING_FIXTURE
2026-05-13,north-steyne,North Steyne,12,22.8,true,SYNTHETIC_ENGINEERING_FIXTURE
2026-05-13,bondi,Bondi,3,22.8,true,SYNTHETIC_ENGINEERING_FIXTURE
2026-05-13,coogee,Coogee,2,22.8,true,SYNTHETIC_ENGINEERING_FIXTURE
2026-05-13,cronulla,Cronulla,13,22.8,true,SYNTHETIC_ENGINEERING_FIXTURE
2026-05-13,balmoral,Balmoral,8,22.8,true,SYNTHETIC_ENGINEERING_FIXTURE
2026-05-14,palm-beach,Palm Beach,8,22.8,true,SYNTHETIC_ENGINEERING_FIXTURE
2026-05-14,north-steyne,North Steyne,11,22.8,true,SYNTHETIC_ENGINEERING_FIXTURE
2026-05-14,bondi,Bondi,5,22.8,true,SYNTHETIC_ENGINEERING_FIXTURE
2026-05-14,coogee,Coogee,48,22.8,true,SYNTHETIC_ENGINEERING_FIXTURE
2026-05-14,cronulla,Cronulla,4,22.8,true,SYNTHETIC_ENGINEERING_FIXTURE
2026-05-14,balmoral,Balmoral,3,22.8,true,SYNTHETIC_ENGINEERING_FIXTURE
2026-05-15,palm-beach,Palm Beach,57,22.9,true,SYNTHETIC_ENGINEERING_FIXTURE
2026-05-15,north-steyne,North Steyne,1,22.9,true,SYNTHETIC_ENGINEERING_FIXTURE
2026-05-15,bondi,Bondi,1,22.9,true,SYNTHETIC_ENGINEERING_FIXTURE
2026-05-15,coogee,Coogee,2,22.9,true,SYNTHETIC_ENGINEERING_FIXTURE
2026-05-15,cronulla,Cronulla,6,22.9,true,SYNTHETIC_ENGINEERING_FIXTURE
2026-05-15,balmoral,Balmoral,2,22.9,true,SYNTHETIC_ENGINEERING_FIXTURE
2026-05-16,palm-beach,Palm Beach,1,22.9,true,SYNTHETIC_ENGINEERING_FIXTURE
2026-05-16,north-steyne,North Steyne,6,22.9,true,SYNTHETIC_ENGINEERING_FIXTURE
2026-05-16,bondi,Bondi,8,22.9,true,SYNTHETIC_ENGINEERING_FIXTURE
2026-05-16,coogee,Coogee,16,22.9,true,SYNTHETIC_ENGINEERING_FIXTURE
2026-05-16,cronulla,Cronulla,21,22.9,true,SYNTHETIC_ENGINEERING_FIXTURE
2026-05-16,balmoral,Balmoral,1,22.9,true,SYNTHETIC_ENGINEERING_FIXTURE
2026-05-17,palm-beach,Palm Beach,3,22.9,true,SYNTHETIC_ENGINEERING_FIXTURE
2026-05-17,north-steyne,North Steyne,12,22.9,true,SYNTHETIC_ENGINEERING_FIXTURE
2026-05-17,bondi,Bondi,47,22.9,true,SYNTHETIC_ENGINEERING_FIXTURE
2026-05-17,coogee,Coogee,14,22.9,true,SYNTHETIC_ENGINEERING_FIXTURE
2026-05-17,cronulla,Cronulla,14,22.9,true,SYNTHETIC_ENGINEERING_FIXTURE
2026-05-17,balmoral,Balmoral,2,22.9,true,SYNTHETIC_ENGINEERING_FIXTURE
2026-05-18,palm-beach,Palm Beach,15,22.9,true,SYNTHETIC_ENGINEERING_FIXTURE
2026-05-18,north-steyne,North Steyne,5,22.9,true,SYNTHETIC_ENGINEERING_FIXTURE
2026-05-18,bondi,Bondi,12,22.9,true,SYNTHETIC_ENGINEERING_FIXTURE
2026-05-18,coogee,Coogee,22,22.9,true,SYNTHETIC_ENGINEERING_FIXTURE
2026-05-18,cronulla,Cronulla,8,22.9,true,SYNTHETIC_ENGINEERING_FIXTURE
2026-05-18,balmoral,Balmoral,20,22.9,true,SYNTHETIC_ENGINEERING_FIXTURE
2026-05-19,palm-beach,Palm Beach,2,22.9,true,SYNTHETIC_ENGINEERING_FIXTURE
2026-05-19,north-steyne,North Steyne,5,22.9,true,SYNTHETIC_ENGINEERING_FIXTURE
2026-05-19,bondi,Bondi,2,22.9,true,SYNTHETIC_ENGINEERING_FIXTURE
2026-05-19,coogee,Coogee,19,22.9,true,SYNTHETIC_ENGINEERING_FIXTURE
2026-05-19,cronulla,Cronulla,3,22.9,true,SYNTHETIC_ENGINEERING_FIXTURE
2026-05-19,balmoral,Balmoral,22,22.9,true,SYNTHETIC_ENGINEERING_FIXTURE
2026-05-20,palm-beach,Palm Beach,17,22.9,true,SYNTHETIC_ENGINEERING_FIXTURE
2026-05-20,north-steyne,North Steyne,13,22.9,true,SYNTHETIC_ENGINEERING_FIXTURE
2026-05-20,bondi,Bondi,3,22.9,true,SYNTHETIC_ENGINEERING_FIXTURE
2026-05-20,coogee,Coogee,11,22.9,true,SYNTHETIC_ENGINEERING_FIXTURE
2026-05-20,cronulla,Cronulla,13,22.9,true,SYNTHETIC_ENGINEERING_FIXTURE
2026-05-20,balmoral,Balmoral,6,22.9,true,SYNTHETIC_ENGINEERING_FIXTURE
2026-05-21,palm-beach,Palm Beach,3,22.9,true,SYNTHETIC_ENGINEERING_FIXTURE
2026-05-21,north-steyne,North Steyne,0,22.9,true,SYNTHETIC_ENGINEERING_FIXTURE
2026-05-21,bondi,Bondi,14,22.9,true,SYNTHETIC_ENGINEERING_FIXTURE
2026-05-21,coogee,Coogee,3,22.9,true,SYNTHETIC_ENGINEERING_FIXTURE
2026-05-21,cronulla,Cronulla,6,22.9,true,SYNTHETIC_ENGINEERING_FIXTURE
2026-05-21,balmoral,Balmoral,5,22.9,true,SYNTHETIC_ENGINEERING_FIXTURE
2026-05-22,palm-beach,Palm Beach,6,23.0,true,SYNTHETIC_ENGINEERING_FIXTURE
2026-05-22,north-steyne,North Steyne,57,23.0,true,SYNTHETIC_ENGINEERING_FIXTURE
2026-05-22,bondi,Bondi,2,23.0,true,SYNTHETIC_ENGINEERING_FIXTURE
2026-05-22,coogee,Coogee,3,23.0,true,SYNTHETIC_ENGINEERING_FIXTURE
2026-05-22,cronulla,Cronulla,3,23.0,true,SYNTHETIC_ENGINEERING_FIXTURE
2026-05-22,balmoral,Balmoral,14,23.0,true,SYNTHETIC_ENGINEERING_FIXTURE
2026-05-23,palm-beach,Palm Beach,68,23.0,true,SYNTHETIC_ENGINEERING_FIXTURE
2026-05-23,north-steyne,North Steyne,15,23.0,true,SYNTHETIC_ENGINEERING_FIXTURE
2026-05-23,bondi,Bondi,29,23.0,true,SYNTHETIC_ENGINEERING_FIXTURE
2026-05-23,coogee,Coogee,6,23.0,true,SYNTHETIC_ENGINEERING_FIXTURE
2026-05-23,cronulla,Cronulla,14,23.0,true,SYNTHETIC_ENGINEERING_FIXTURE
2026-05-23,balmoral,Balmoral,3,23.0,true,SYNTHETIC_ENGINEERING_FIXTURE
2026-05-24,palm-beach,Palm Beach,3,23.0,true,SYNTHETIC_ENGINEERING_FIXTURE
2026-05-24,north-steyne,North Steyne,18,23.0,true,SYNTHETIC_ENGINEERING_FIXTURE
2026-05-24,bondi,Bondi,22,23.0,true,SYNTHETIC_ENGINEERING_FIXTURE
2026-05-24,coogee,Coogee,5,23.0,true,SYNTHETIC_ENGINEERING_FIXTURE
2026-05-24,cronulla,Cronulla,14,23.0,true,SYNTHETIC_ENGINEERING_FIXTURE
2026-05-24,balmoral,Balmoral,14,23.0,true,SYNTHETIC_ENGINEERING_FIXTURE
2026-05-25,palm-beach,Palm Beach,2,23.0,true,SYNTHETIC_ENGINEERING_FIXTURE
2026-05-25,north-steyne,North Steyne,4,23.0,true,SYNTHETIC_ENGINEERING_FIXTURE
2026-05-25,bondi,Bondi,1,23.0,true,SYNTHETIC_ENGINEERING_FIXTURE
2026-05-25,coogee,Coogee,3,23.0,true,SYNTHETIC_ENGINEERING_FIXTURE
2026-05-25,cronulla,Cronulla,3,23.0,true,SYNTHETIC_ENGINEERING_FIXTURE
2026-05-25,balmoral,Balmoral,2,23.0,true,SYNTHETIC_ENGINEERING_FIXTURE
2026-05-26,palm-beach,Palm Beach,23,23.0,true,SYNTHETIC_ENGINEERING_FIXTURE
2026-05-26,north-steyne,North Steyne,13,23.0,true,SYNTHETIC_ENGINEERING_FIXTURE
2026-05-26,bondi,Bondi,23,23.0,true,SYNTHETIC_ENGINEERING_FIXTURE
2026-05-26,coogee,Coogee,4,23.0,true,SYNTHETIC_ENGINEERING_FIXTURE
2026-05-26,cronulla,Cronulla,22,23.0,true,SYNTHETIC_ENGINEERING_FIXTURE
2026-05-26,balmoral,Balmoral,7,23.0,true,SYNTHETIC_ENGINEERING_FIXTURE
2026-05-27,palm-beach,Palm Beach,22,23.0,true,SYNTHETIC_ENGINEERING_FIXTURE
2026-05-27,north-steyne,North Steyne,17,23.0,true,SYNTHETIC_ENGINEERING_FIXTURE
2026-05-27,bondi,Bondi,5,23.0,true,SYNTHETIC_ENGINEERING_FIXTURE
2026-05-27,coogee,Coogee,4,23.0,true,SYNTHETIC_ENGINEERING_FIXTURE
2026-05-27,cronulla,Cronulla,14,23.0,true,SYNTHETIC_ENGINEERING_FIXTURE
2026-05-27,balmoral,Balmoral,13,23.0,true,SYNTHETIC_ENGINEERING_FIXTURE
2026-05-28,palm-beach,Palm Beach,10,23.0,true,SYNTHETIC_ENGINEERING_FIXTURE
2026-05-28,north-steyne,North Steyne,3,23.0,true,SYNTHETIC_ENGINEERING_FIXTURE
2026-05-28,bondi,Bondi,2,23.0,true,SYNTHETIC_ENGINEERING_FIXTURE
2026-05-28,coogee,Coogee,5,23.0,true,SYNTHETIC_ENGINEERING_FIXTURE
2026-05-28,cronulla,Cronulla,25,23.0,true,SYNTHETIC_ENGINEERING_FIXTURE
2026-05-28,balmoral,Balmoral,47,23.0,true,SYNTHETIC_ENGINEERING_FIXTURE
2026-05-29,palm-beach,Palm Beach,8,23.0,true,SYNTHETIC_ENGINEERING_FIXTURE
2026-05-29,north-steyne,North Steyne,22,23.0,true,SYNTHETIC_ENGINEERING_FIXTURE
2026-05-29,bondi,Bondi,63,23.0,true,SYNTHETIC_ENGINEERING_FIXTURE
2026-05-29,coogee,Coogee,39,23.0,true,SYNTHETIC_ENGINEERING_FIXTURE
2026-05-29,cronulla,Cronulla,3,23.0,true,SYNTHETIC_ENGINEERING_FIXTURE
2026-05-29,balmoral,Balmoral,1,23.0,true,SYNTHETIC_ENGINEERING_FIXTURE
2026-05-30,palm-beach,Palm Beach,4,23.0,true,SYNTHETIC_ENGINEERING_FIXTURE
2026-05-30,north-steyne,North Steyne,3,23.0,true,SYNTHETIC_ENGINEERING_FIXTURE
2026-05-30,bondi,Bondi,20,23.0,true,SYNTHETIC_ENGINEERING_FIXTURE
2026-05-30,coogee,Coogee,12,23.0,true,SYNTHETIC_ENGINEERING_FIXTURE
2026-05-30,cronulla,Cronulla,1,23.0,true,SYNTHETIC_ENGINEERING_FIXTURE
2026-05-30,balmoral,Balmoral,18,23.0,true,SYNTHETIC_ENGINEERING_FIXTURE
2026-05-31,palm-beach,Palm Beach,5,23.0,true,SYNTHETIC_ENGINEERING_FIXTURE
2026-05-31,north-steyne,North Steyne,9,23.0,true,SYNTHETIC_ENGINEERING_FIXTURE
2026-05-31,bondi,Bondi,2,23.0,true,SYNTHETIC_ENGINEERING_FIXTURE
2026-05-31,coogee,Coogee,6,23.0,true,SYNTHETIC_ENGINEERING_FIXTURE
2026-05-31,cronulla,Cronulla,1,23.0,true,SYNTHETIC_ENGINEERING_FIXTURE
2026-05-31,balmoral,Balmoral,9,23.0,true,SYNTHETIC_ENGINEERING_FIXTURE
2026-06-01,palm-beach,Palm Beach,6,23.0,true,SYNTHETIC_ENGINEERING_FIXTURE
2026-06-01,north-steyne,North Steyne,12,23.0,true,SYNTHETIC_ENGINEERING_FIXTURE
2026-06-01,bondi,Bondi,8,23.0,true,SYNTHETIC_ENGINEERING_FIXTURE
2026-06-01,coogee,Coogee,6,23.0,true,SYNTHETIC_ENGINEERING_FIXTURE
2026-06-01,cronulla,Cronulla,16,23.0,true,SYNTHETIC_ENGINEERING_FIXTURE
2026-06-01,balmoral,Balmoral,3,23.0,true,SYNTHETIC_ENGINEERING_FIXTURE
2026-06-02,palm-beach,Palm Beach,17,23.0,true,SYNTHETIC_ENGINEERING_FIXTURE
2026-06-02,north-steyne,North Steyne,11,23.0,true,SYNTHETIC_ENGINEERING_FIXTURE
2026-06-02,bondi,Bondi,27,23.0,true,SYNTHETIC_ENGINEERING_FIXTURE
2026-06-02,coogee,Coogee,1,23.0,true,SYNTHETIC_ENGINEERING_FIXTURE
2026-06-02,cronulla,Cronulla,1,23.0,true,SYNTHETIC_ENGINEERING_FIXTURE
2026-06-02,balmoral,Balmoral,40,23.0,true,SYNTHETIC_ENGINEERING_FIXTURE
2026-06-03,palm-beach,Palm Beach,4,23.0,true,SYNTHETIC_ENGINEERING_FIXTURE
2026-06-03,north-steyne,North Steyne,46,23.0,true,SYNTHETIC_ENGINEERING_FIXTURE
2026-06-03,bondi,Bondi,3,23.0,true,SYNTHETIC_ENGINEERING_FIXTURE
2026-06-03,coogee,Coogee,50,23.0,true,SYNTHETIC_ENGINEERING_FIXTURE
2026-06-03,cronulla,Cronulla,126,23.0,true,SYNTHETIC_ENGINEERING_FIXTURE
2026-06-03,balmoral,Balmoral,2,23.0,true,SYNTHETIC_ENGINEERING_FIXTURE
2026-06-04,palm-beach,Palm Beach,5,23.0,true,SYNTHETIC_ENGINEERING_FIXTURE
2026-06-04,north-steyne,North Steyne,13,23.0,true,SYNTHETIC_ENGINEERING_FIXTURE
2026-06-04,bondi,Bondi,5,23.0,true,SYNTHETIC_ENGINEERING_FIXTURE
2026-06-04,coogee,Coogee,2,23.0,true,SYNTHETIC_ENGINEERING_FIXTURE
2026-06-04,cronulla,Cronulla,7,23.0,true,SYNTHETIC_ENGINEERING_FIXTURE
2026-06-04,balmoral,Balmoral,10,23.0,true,SYNTHETIC_ENGINEERING_FIXTURE
2026-06-05,palm-beach,Palm Beach,38,23.0,true,SYNTHETIC_ENGINEERING_FIXTURE
2026-06-05,north-steyne,North Steyne,1,23.0,true,SYNTHETIC_ENGINEERING_FIXTURE
2026-06-05,bondi,Bondi,1,23.0,true,SYNTHETIC_ENGINEERING_FIXTURE
2026-06-05,coogee,Coogee,11,23.0,true,SYNTHETIC_ENGINEERING_FIXTURE
2026-06-05,cronulla,Cronulla,5,23.0,true,SYNTHETIC_ENGINEERING_FIXTURE
2026-06-05,balmoral,Balmoral,5,23.0,true,SYNTHETIC_ENGINEERING_FIXTURE
2026-06-06,palm-beach,Palm Beach,97,23.0,true,SYNTHETIC_ENGINEERING_FIXTURE
2026-06-06,north-steyne,North Steyne,17,23.0,true,SYNTHETIC_ENGINEERING_FIXTURE
2026-06-06,bondi,Bondi,13,23.0,true,SYNTHETIC_ENGINEERING_FIXTURE
2026-06-06,coogee,Coogee,2,23.0,true,SYNTHETIC_ENGINEERING_FIXTURE
2026-06-06,cronulla,Cronulla,5,23.0,true,SYNTHETIC_ENGINEERING_FIXTURE
2026-06-06,balmoral,Balmoral,29,23.0,true,SYNTHETIC_ENGINEERING_FIXTURE
2026-06-07,palm-beach,Palm Beach,0,23.0,true,SYNTHETIC_ENGINEERING_FIXTURE
2026-06-07,north-steyne,North Steyne,12,23.0,true,SYNTHETIC_ENGINEERING_FIXTURE
2026-06-07,bondi,Bondi,69,23.0,true,SYNTHETIC_ENGINEERING_FIXTURE
2026-06-07,coogee,Coogee,5,23.0,true,SYNTHETIC_ENGINEERING_FIXTURE
2026-06-07,cronulla,Cronulla,5,23.0,true,SYNTHETIC_ENGINEERING_FIXTURE
2026-06-07,balmoral,Balmoral,6,23.0,true,SYNTHETIC_ENGINEERING_FIXTURE
2026-06-08,palm-beach,Palm Beach,5,23.0,true,SYNTHETIC_ENGINEERING_FIXTURE
2026-06-08,north-steyne,North Steyne,7,23.0,true,SYNTHETIC_ENGINEERING_FIXTURE
2026-06-08,bondi,Bondi,4,23.0,true,SYNTHETIC_ENGINEERING_FIXTURE
2026-06-08,coogee,Coogee,1,23.0,true,SYNTHETIC_ENGINEERING_FIXTURE
2026-06-08,cronulla,Cronulla,3,23.0,true,SYNTHETIC_ENGINEERING_FIXTURE
2026-06-08,balmoral,Balmoral,4,23.0,true,SYNTHETIC_ENGINEERING_FIXTURE
2026-06-09,palm-beach,Palm Beach,12,23.0,true,SYNTHETIC_ENGINEERING_FIXTURE
2026-06-09,north-steyne,North Steyne,41,23.0,true,SYNTHETIC_ENGINEERING_FIXTURE
2026-06-09,bondi,Bondi,4,23.0,true,SYNTHETIC_ENGINEERING_FIXTURE
2026-06-09,coogee,Coogee,4,23.0,true,SYNTHETIC_ENGINEERING_FIXTURE
2026-06-09,cronulla,Cronulla,6,23.0,true,SYNTHETIC_ENGINEERING_FIXTURE
2026-06-09,balmoral,Balmoral,18,23.0,true,SYNTHETIC_ENGINEERING_FIXTURE
2026-06-10,palm-beach,Palm Beach,10,23.0,true,SYNTHETIC_ENGINEERING_FIXTURE
2026-06-10,north-steyne,North Steyne,11,23.0,true,SYNTHETIC_ENGINEERING_FIXTURE
2026-06-10,bondi,Bondi,20,23.0,true,SYNTHETIC_ENGINEERING_FIXTURE
2026-06-10,coogee,Coogee,13,23.0,true,SYNTHETIC_ENGINEERING_FIXTURE
2026-06-10,cronulla,Cronulla,4,23.0,true,SYNTHETIC_ENGINEERING_FIXTURE
2026-06-10,balmoral,Balmoral,3,23.0,true,SYNTHETIC_ENGINEERING_FIXTURE
2026-06-11,palm-beach,Palm Beach,10,22.9,true,SYNTHETIC_ENGINEERING_FIXTURE
2026-06-11,north-steyne,North Steyne,9,22.9,true,SYNTHETIC_ENGINEERING_FIXTURE
2026-06-11,bondi,Bondi,19,22.9,true,SYNTHETIC_ENGINEERING_FIXTURE
2026-06-11,coogee,Coogee,5,22.9,true,SYNTHETIC_ENGINEERING_FIXTURE
2026-06-11,cronulla,Cronulla,18,22.9,true,SYNTHETIC_ENGINEERING_FIXTURE
2026-06-11,balmoral,Balmoral,1,22.9,true,SYNTHETIC_ENGINEERING_FIXTURE
2026-06-12,palm-beach,Palm Beach,0,22.9,true,SYNTHETIC_ENGINEERING_FIXTURE
2026-06-12,north-steyne,North Steyne,9,22.9,true,SYNTHETIC_ENGINEERING_FIXTURE
2026-06-12,bondi,Bondi,1,22.9,true,SYNTHETIC_ENGINEERING_FIXTURE
2026-06-12,coogee,Coogee,2,22.9,true,SYNTHETIC_ENGINEERING_FIXTURE
2026-06-12,cronulla,Cronulla,10,22.9,true,SYNTHETIC_ENGINEERING_FIXTURE
2026-06-12,balmoral,Balmoral,6,22.9,true,SYNTHETIC_ENGINEERING_FIXTURE
2026-06-13,palm-beach,Palm Beach,11,22.9,true,SYNTHETIC_ENGINEERING_FIXTURE
2026-06-13,north-steyne,North Steyne,35,22.9,true,SYNTHETIC_ENGINEERING_FIXTURE
2026-06-13,bondi,Bondi,11,22.9,true,SYNTHETIC_ENGINEERING_FIXTURE
2026-06-13,coogee,Coogee,29,22.9,true,SYNTHETIC_ENGINEERING_FIXTURE
2026-06-13,cronulla,Cronulla,26,22.9,true,SYNTHETIC_ENGINEERING_FIXTURE
2026-06-13,balmoral,Balmoral,2,22.9,true,SYNTHETIC_ENGINEERING_FIXTURE
2026-06-14,palm-beach,Palm Beach,29,22.9,true,SYNTHETIC_ENGINEERING_FIXTURE
2026-06-14,north-steyne,North Steyne,5,22.9,true,SYNTHETIC_ENGINEERING_FIXTURE
2026-06-14,bondi,Bondi,17,22.9,true,SYNTHETIC_ENGINEERING_FIXTURE
2026-06-14,coogee,Coogee,4,22.9,true,SYNTHETIC_ENGINEERING_FIXTURE
2026-06-14,cronulla,Cronulla,26,22.9,true,SYNTHETIC_ENGINEERING_FIXTURE
2026-06-14,balmoral,Balmoral,11,22.9,true,SYNTHETIC_ENGINEERING_FIXTURE
2026-06-15,palm-beach,Palm Beach,38,22.9,true,SYNTHETIC_ENGINEERING_FIXTURE
2026-06-15,north-steyne,North Steyne,3,22.9,true,SYNTHETIC_ENGINEERING_FIXTURE
2026-06-15,bondi,Bondi,8,22.9,true,SYNTHETIC_ENGINEERING_FIXTURE
2026-06-15,coogee,Coogee,22,22.9,true,SYNTHETIC_ENGINEERING_FIXTURE
2026-06-15,cronulla,Cronulla,21,22.9,true,SYNTHETIC_ENGINEERING_FIXTURE
2026-06-15,balmoral,Balmoral,22,22.9,true,SYNTHETIC_ENGINEERING_FIXTURE
2026-06-16,palm-beach,Palm Beach,5,22.9,true,SYNTHETIC_ENGINEERING_FIXTURE
2026-06-16,north-steyne,North Steyne,9,22.9,true,SYNTHETIC_ENGINEERING_FIXTURE
2026-06-16,bondi,Bondi,6,22.9,true,SYNTHETIC_ENGINEERING_FIXTURE
2026-06-16,coogee,Coogee,4,22.9,true,SYNTHETIC_ENGINEERING_FIXTURE
2026-06-16,cronulla,Cronulla,12,22.9,true,SYNTHETIC_ENGINEERING_FIXTURE
2026-06-16,balmoral,Balmoral,3,22.9,true,SYNTHETIC_ENGINEERING_FIXTURE
2026-06-17,palm-beach,Palm Beach,5,22.9,true,SYNTHETIC_ENGINEERING_FIXTURE
2026-06-17,north-steyne,North Steyne,8,22.9,true,SYNTHETIC_ENGINEERING_FIXTURE
2026-06-17,bondi,Bondi,27,22.9,true,SYNTHETIC_ENGINEERING_FIXTURE
2026-06-17,coogee,Coogee,5,22.9,true,SYNTHETIC_ENGINEERING_FIXTURE
2026-06-17,cronulla,Cronulla,3,22.9,true,SYNTHETIC_ENGINEERING_FIXTURE
2026-06-17,balmoral,Balmoral,12,22.9,true,SYNTHETIC_ENGINEERING_FIXTURE
2026-06-18,palm-beach,Palm Beach,15,22.8,true,SYNTHETIC_ENGINEERING_FIXTURE
2026-06-18,north-steyne,North Steyne,19,22.8,true,SYNTHETIC_ENGINEERING_FIXTURE
2026-06-18,bondi,Bondi,11,22.8,true,SYNTHETIC_ENGINEERING_FIXTURE
2026-06-18,coogee,Coogee,19,22.8,true,SYNTHETIC_ENGINEERING_FIXTURE
2026-06-18,cronulla,Cronulla,1,22.8,true,SYNTHETIC_ENGINEERING_FIXTURE
2026-06-18,balmoral,Balmoral,15,22.8,true,SYNTHETIC_ENGINEERING_FIXTURE
2026-06-19,palm-beach,Palm Beach,9,22.8,true,SYNTHETIC_ENGINEERING_FIXTURE
2026-06-19,north-steyne,North Steyne,9,22.8,true,SYNTHETIC_ENGINEERING_FIXTURE
2026-06-19,bondi,Bondi,31,22.8,true,SYNTHETIC_ENGINEERING_FIXTURE
2026-06-19,coogee,Coogee,9,22.8,true,SYNTHETIC_ENGINEERING_FIXTURE
2026-06-19,cronulla,Cronulla,20,22.8,true,SYNTHETIC_ENGINEERING_FIXTURE
2026-06-19,balmoral,Balmoral,14,22.8,true,SYNTHETIC_ENGINEERING_FIXTURE
2026-06-20,palm-beach,Palm Beach,2,22.8,true,SYNTHETIC_ENGINEERING_FIXTURE
2026-06-20,north-steyne,North Steyne,5,22.8,true,SYNTHETIC_ENGINEERING_FIXTURE
2026-06-20,bondi,Bondi,5,22.8,true,SYNTHETIC_ENGINEERING_FIXTURE
2026-06-20,coogee,Coogee,34,22.8,true,SYNTHETIC_ENGINEERING_FIXTURE
2026-06-20,cronulla,Cronulla,11,22.8,true,SYNTHETIC_ENGINEERING_FIXTURE
2026-06-20,balmoral,Balmoral,2,22.8,true,SYNTHETIC_ENGINEERING_FIXTURE
2026-06-21,palm-beach,Palm Beach,4,22.8,true,SYNTHETIC_ENGINEERING_FIXTURE
2026-06-21,north-steyne,North Steyne,5,22.8,true,SYNTHETIC_ENGINEERING_FIXTURE
2026-06-21,bondi,Bondi,1,22.8,true,SYNTHETIC_ENGINEERING_FIXTURE
2026-06-21,coogee,Coogee,6,22.8,true,SYNTHETIC_ENGINEERING_FIXTURE
2026-06-21,cronulla,Cronulla,11,22.8,true,SYNTHETIC_ENGINEERING_FIXTURE
2026-06-21,balmoral,Balmoral,7,22.8,true,SYNTHETIC_ENGINEERING_FIXTURE
2026-06-22,palm-beach,Palm Beach,4,22.8,true,SYNTHETIC_ENGINEERING_FIXTURE
2026-06-22,north-steyne,North Steyne,4,22.8,true,SYNTHETIC_ENGINEERING_FIXTURE
2026-06-22,bondi,Bondi,4,22.8,true,SYNTHETIC_ENGINEERING_FIXTURE
2026-06-22,coogee,Coogee,10,22.8,true,SYNTHETIC_ENGINEERING_FIXTURE
2026-06-22,cronulla,Cronulla,2,22.8,true,SYNTHETIC_ENGINEERING_FIXTURE
2026-06-22,balmoral,Balmoral,4,22.8,true,SYNTHETIC_ENGINEERING_FIXTURE
2026-06-23,palm-beach,Palm Beach,17,22.7,true,SYNTHETIC_ENGINEERING_FIXTURE
2026-06-23,north-steyne,North Steyne,3,22.7,true,SYNTHETIC_ENGINEERING_FIXTURE
2026-06-23,bondi,Bondi,4,22.7,true,SYNTHETIC_ENGINEERING_FIXTURE
2026-06-23,coogee,Coogee,2,22.7,true,SYNTHETIC_ENGINEERING_FIXTURE
2026-06-23,cronulla,Cronulla,40,22.7,true,SYNTHETIC_ENGINEERING_FIXTURE
2026-06-23,balmoral,Balmoral,3,22.7,true,SYNTHETIC_ENGINEERING_FIXTURE
2026-06-24,palm-beach,Palm Beach,41,22.7,true,SYNTHETIC_ENGINEERING_FIXTURE
2026-06-24,north-steyne,North Steyne,7,22.7,true,SYNTHETIC_ENGINEERING_FIXTURE
2026-06-24,bondi,Bondi,16,22.7,true,SYNTHETIC_ENGINEERING_FIXTURE
2026-06-24,coogee,Coogee,2,22.7,true,SYNTHETIC_ENGINEERING_FIXTURE
2026-06-24,cronulla,Cronulla,78,22.7,true,SYNTHETIC_ENGINEERING_FIXTURE
2026-06-24,balmoral,Balmoral,3,22.7,true,SYNTHETIC_ENGINEERING_FIXTURE
2026-06-25,palm-beach,Palm Beach,12,22.7,true,SYNTHETIC_ENGINEERING_FIXTURE
2026-06-25,north-steyne,North Steyne,3,22.7,true,SYNTHETIC_ENGINEERING_FIXTURE
2026-06-25,bondi,Bondi,8,22.7,true,SYNTHETIC_ENGINEERING_FIXTURE
2026-06-25,coogee,Coogee,0,22.7,true,SYNTHETIC_ENGINEERING_FIXTURE
2026-06-25,cronulla,Cronulla,11,22.7,true,SYNTHETIC_ENGINEERING_FIXTURE
2026-06-25,balmoral,Balmoral,8,22.7,true,SYNTHETIC_ENGINEERING_FIXTURE
2026-06-26,palm-beach,Palm Beach,16,22.7,true,SYNTHETIC_ENGINEERING_FIXTURE
2026-06-26,north-steyne,North Steyne,4,22.7,true,SYNTHETIC_ENGINEERING_FIXTURE
2026-06-26,bondi,Bondi,3,22.7,true,SYNTHETIC_ENGINEERING_FIXTURE
2026-06-26,coogee,Coogee,16,22.7,true,SYNTHETIC_ENGINEERING_FIXTURE
2026-06-26,cronulla,Cronulla,9,22.7,true,SYNTHETIC_ENGINEERING_FIXTURE
2026-06-26,balmoral,Balmoral,4,22.7,true,SYNTHETIC_ENGINEERING_FIXTURE
2026-06-27,palm-beach,Palm Beach,2,22.6,true,SYNTHETIC_ENGINEERING_FIXTURE
2026-06-27,north-steyne,North Steyne,112,22.6,true,SYNTHETIC_ENGINEERING_FIXTURE
2026-06-27,bondi,Bondi,2,22.6,true,SYNTHETIC_ENGINEERING_FIXTURE
2026-06-27,coogee,Coogee,10,22.6,true,SYNTHETIC_ENGINEERING_FIXTURE
2026-06-27,cronulla,Cronulla,25,22.6,true,SYNTHETIC_ENGINEERING_FIXTURE
2026-06-27,balmoral,Balmoral,16,22.6,true,SYNTHETIC_ENGINEERING_FIXTURE
2026-06-28,palm-beach,Palm Beach,6,22.6,true,SYNTHETIC_ENGINEERING_FIXTURE
2026-06-28,north-steyne,North Steyne,11,22.6,true,SYNTHETIC_ENGINEERING_FIXTURE
2026-06-28,bondi,Bondi,8,22.6,true,SYNTHETIC_ENGINEERING_FIXTURE
2026-06-28,coogee,Coogee,7,22.6,true,SYNTHETIC_ENGINEERING_FIXTURE
2026-06-28,cronulla,Cronulla,5,22.6,true,SYNTHETIC_ENGINEERING_FIXTURE
2026-06-28,balmoral,Balmoral,4,22.6,true,SYNTHETIC_ENGINEERING_FIXTURE
2026-06-29,palm-beach,Palm Beach,3,22.6,true,SYNTHETIC_ENGINEERING_FIXTURE
2026-06-29,north-steyne,North Steyne,13,22.6,true,SYNTHETIC_ENGINEERING_FIXTURE
2026-06-29,bondi,Bondi,6,22.6,true,SYNTHETIC_ENGINEERING_FIXTURE
2026-06-29,coogee,Coogee,2,22.6,true,SYNTHETIC_ENGINEERING_FIXTURE
2026-06-29,cronulla,Cronulla,1,22.6,true,SYNTHETIC_ENGINEERING_FIXTURE
2026-06-29,balmoral,Balmoral,40,22.6,true,SYNTHETIC_ENGINEERING_FIXTURE
2026-06-30,palm-beach,Palm Beach,5,22.6,true,SYNTHETIC_ENGINEERING_FIXTURE
2026-06-30,north-steyne,North Steyne,8,22.6,true,SYNTHETIC_ENGINEERING_FIXTURE
2026-06-30,bondi,Bondi,4,22.6,true,SYNTHETIC_ENGINEERING_FIXTURE
2026-06-30,coogee,Coogee,6,22.6,true,SYNTHETIC_ENGINEERING_FIXTURE
2026-06-30,cronulla,Cronulla,3,22.6,true,SYNTHETIC_ENGINEERING_FIXTURE
2026-06-30,balmoral,Balmoral,5,22.6,true,SYNTHETIC_ENGINEERING_FIXTURE
2026-07-01,palm-beach,Palm Beach,5,22.5,true,SYNTHETIC_ENGINEERING_FIXTURE
2026-07-01,north-steyne,North Steyne,1,22.5,true,SYNTHETIC_ENGINEERING_FIXTURE
2026-07-01,bondi,Bondi,4,22.5,true,SYNTHETIC_ENGINEERING_FIXTURE
2026-07-01,coogee,Coogee,1,22.5,true,SYNTHETIC_ENGINEERING_FIXTURE
2026-07-01,cronulla,Cronulla,5,22.5,true,SYNTHETIC_ENGINEERING_FIXTURE
2026-07-01,balmoral,Balmoral,2,22.5,true,SYNTHETIC_ENGINEERING_FIXTURE
2026-07-02,palm-beach,Palm Beach,7,22.5,true,SYNTHETIC_ENGINEERING_FIXTURE
2026-07-02,north-steyne,North Steyne,8,22.5,true,SYNTHETIC_ENGINEERING_FIXTURE
2026-07-02,bondi,Bondi,22,22.5,true,SYNTHETIC_ENGINEERING_FIXTURE
2026-07-02,coogee,Coogee,1,22.5,true,SYNTHETIC_ENGINEERING_FIXTURE
2026-07-02,cronulla,Cronulla,22,22.5,true,SYNTHETIC_ENGINEERING_FIXTURE
2026-07-02,balmoral,Balmoral,6,22.5,true,SYNTHETIC_ENGINEERING_FIXTURE
2026-07-03,palm-beach,Palm Beach,4,22.5,true,SYNTHETIC_ENGINEERING_FIXTURE
2026-07-03,north-steyne,North Steyne,1,22.5,true,SYNTHETIC_ENGINEERING_FIXTURE
2026-07-03,bondi,Bondi,1,22.5,true,SYNTHETIC_ENGINEERING_FIXTURE
2026-07-03,coogee,Coogee,11,22.5,true,SYNTHETIC_ENGINEERING_FIXTURE
2026-07-03,cronulla,Cronulla,25,22.5,true,SYNTHETIC_ENGINEERING_FIXTURE
2026-07-03,balmoral,Balmoral,1,22.5,true,SYNTHETIC_ENGINEERING_FIXTURE
2026-07-04,palm-beach,Palm Beach,3,22.4,true,SYNTHETIC_ENGINEERING_FIXTURE
2026-07-04,north-steyne,North Steyne,11,22.4,true,SYNTHETIC_ENGINEERING_FIXTURE
2026-07-04,bondi,Bondi,13,22.4,true,SYNTHETIC_ENGINEERING_FIXTURE
2026-07-04,coogee,Coogee,9,22.4,true,SYNTHETIC_ENGINEERING_FIXTURE
2026-07-04,cronulla,Cronulla,14,22.4,true,SYNTHETIC_ENGINEERING_FIXTURE
2026-07-04,balmoral,Balmoral,2,22.4,true,SYNTHETIC_ENGINEERING_FIXTURE
2026-07-05,palm-beach,Palm Beach,1,22.4,true,SYNTHETIC_ENGINEERING_FIXTURE
2026-07-05,north-steyne,North Steyne,34,22.4,true,SYNTHETIC_ENGINEERING_FIXTURE
2026-07-05,bondi,Bondi,70,22.4,true,SYNTHETIC_ENGINEERING_FIXTURE
2026-07-05,coogee,Coogee,15,22.4,true,SYNTHETIC_ENGINEERING_FIXTURE
2026-07-05,cronulla,Cronulla,27,22.4,true,SYNTHETIC_ENGINEERING_FIXTURE
2026-07-05,balmoral,Balmoral,5,22.4,true,SYNTHETIC_ENGINEERING_FIXTURE
2026-07-06,palm-beach,Palm Beach,9,22.4,true,SYNTHETIC_ENGINEERING_FIXTURE
2026-07-06,north-steyne,North Steyne,10,22.4,true,SYNTHETIC_ENGINEERING_FIXTURE
2026-07-06,bondi,Bondi,1,22.4,true,SYNTHETIC_ENGINEERING_FIXTURE
2026-07-06,coogee,Coogee,16,22.4,true,SYNTHETIC_ENGINEERING_FIXTURE
2026-07-06,cronulla,Cronulla,24,22.4,true,SYNTHETIC_ENGINEERING_FIXTURE
2026-07-06,balmoral,Balmoral,5,22.4,true,SYNTHETIC_ENGINEERING_FIXTURE
2026-07-07,palm-beach,Palm Beach,15,22.3,true,SYNTHETIC_ENGINEERING_FIXTURE
2026-07-07,north-steyne,North Steyne,3,22.3,true,SYNTHETIC_ENGINEERING_FIXTURE
2026-07-07,bondi,Bondi,5,22.3,true,SYNTHETIC_ENGINEERING_FIXTURE
2026-07-07,coogee,Coogee,4,22.3,true,SYNTHETIC_ENGINEERING_FIXTURE
2026-07-07,cronulla,Cronulla,3,22.3,true,SYNTHETIC_ENGINEERING_FIXTURE
2026-07-07,balmoral,Balmoral,2,22.3,true,SYNTHETIC_ENGINEERING_FIXTURE
2026-07-08,palm-beach,Palm Beach,3,22.3,true,SYNTHETIC_ENGINEERING_FIXTURE
2026-07-08,north-steyne,North Steyne,15,22.3,true,SYNTHETIC_ENGINEERING_FIXTURE
2026-07-08,bondi,Bondi,9,22.3,true,SYNTHETIC_ENGINEERING_FIXTURE
2026-07-08,coogee,Coogee,5,22.3,true,SYNTHETIC_ENGINEERING_FIXTURE
2026-07-08,cronulla,Cronulla,54,22.3,true,SYNTHETIC_ENGINEERING_FIXTURE
2026-07-08,balmoral,Balmoral,7,22.3,true,SYNTHETIC_ENGINEERING_FIXTURE
2026-07-09,palm-beach,Palm Beach,21,22.2,true,SYNTHETIC_ENGINEERING_FIXTURE
2026-07-09,north-steyne,North Steyne,12,22.2,true,SYNTHETIC_ENGINEERING_FIXTURE
2026-07-09,bondi,Bondi,6,22.2,true,SYNTHETIC_ENGINEERING_FIXTURE
2026-07-09,coogee,Coogee,3,22.2,true,SYNTHETIC_ENGINEERING_FIXTURE
2026-07-09,cronulla,Cronulla,4,22.2,true,SYNTHETIC_ENGINEERING_FIXTURE
2026-07-09,balmoral,Balmoral,4,22.2,true,SYNTHETIC_ENGINEERING_FIXTURE
2026-07-10,palm-beach,Palm Beach,3,22.2,true,SYNTHETIC_ENGINEERING_FIXTURE
2026-07-10,north-steyne,North Steyne,2,22.2,true,SYNTHETIC_ENGINEERING_FIXTURE
2026-07-10,bondi,Bondi,31,22.2,true,SYNTHETIC_ENGINEERING_FIXTURE
2026-07-10,coogee,Coogee,1,22.2,true,SYNTHETIC_ENGINEERING_FIXTURE
2026-07-10,cronulla,Cronulla,1,22.2,true,SYNTHETIC_ENGINEERING_FIXTURE
2026-07-10,balmoral,Balmoral,6,22.2,true,SYNTHETIC_ENGINEERING_FIXTURE
2026-07-11,palm-beach,Palm Beach,32,22.2,true,SYNTHETIC_ENGINEERING_FIXTURE
2026-07-11,north-steyne,North Steyne,1,22.2,true,SYNTHETIC_ENGINEERING_FIXTURE
2026-07-11,bondi,Bondi,1,22.2,true,SYNTHETIC_ENGINEERING_FIXTURE
2026-07-11,coogee,Coogee,4,22.2,true,SYNTHETIC_ENGINEERING_FIXTURE
2026-07-11,cronulla,Cronulla,5,22.2,true,SYNTHETIC_ENGINEERING_FIXTURE
2026-07-11,balmoral,Balmoral,13,22.2,true,SYNTHETIC_ENGINEERING_FIXTURE
2026-07-12,palm-beach,Palm Beach,0,22.1,true,SYNTHETIC_ENGINEERING_FIXTURE
2026-07-12,north-steyne,North Steyne,8,22.1,true,SYNTHETIC_ENGINEERING_FIXTURE
2026-07-12,bondi,Bondi,5,22.1,true,SYNTHETIC_ENGINEERING_FIXTURE
2026-07-12,coogee,Coogee,3,22.1,true,SYNTHETIC_ENGINEERING_FIXTURE
2026-07-12,cronulla,Cronulla,47,22.1,true,SYNTHETIC_ENGINEERING_FIXTURE
2026-07-12,balmoral,Balmoral,16,22.1,true,SYNTHETIC_ENGINEERING_FIXTURE
2026-07-13,palm-beach,Palm Beach,13,22.1,true,SYNTHETIC_ENGINEERING_FIXTURE
2026-07-13,north-steyne,North Steyne,7,22.1,true,SYNTHETIC_ENGINEERING_FIXTURE
2026-07-13,bondi,Bondi,5,22.1,true,SYNTHETIC_ENGINEERING_FIXTURE
2026-07-13,coogee,Coogee,17,22.1,true,SYNTHETIC_ENGINEERING_FIXTURE
2026-07-13,cronulla,Cronulla,17,22.1,true,SYNTHETIC_ENGINEERING_FIXTURE
2026-07-13,balmoral,Balmoral,4,22.1,true,SYNTHETIC_ENGINEERING_FIXTURE
2026-07-14,palm-beach,Palm Beach,3,22.1,true,SYNTHETIC_ENGINEERING_FIXTURE
2026-07-14,north-steyne,North Steyne,1,22.1,true,SYNTHETIC_ENGINEERING_FIXTURE
2026-07-14,bondi,Bondi,2,22.1,true,SYNTHETIC_ENGINEERING_FIXTURE
2026-07-14,coogee,Coogee,8,22.1,true,SYNTHETIC_ENGINEERING_FIXTURE
2026-07-14,cronulla,Cronulla,2,22.1,true,SYNTHETIC_ENGINEERING_FIXTURE
2026-07-14,balmoral,Balmoral,5,22.1,true,SYNTHETIC_ENGINEERING_FIXTURE
2026-07-15,palm-beach,Palm Beach,0,22.0,true,SYNTHETIC_ENGINEERING_FIXTURE
2026-07-15,north-steyne,North Steyne,1,22.0,true,SYNTHETIC_ENGINEERING_FIXTURE
2026-07-15,bondi,Bondi,12,22.0,true,SYNTHETIC_ENGINEERING_FIXTURE
2026-07-15,coogee,Coogee,4,22.0,true,SYNTHETIC_ENGINEERING_FIXTURE
2026-07-15,cronulla,Cronulla,5,22.0,true,SYNTHETIC_ENGINEERING_FIXTURE
2026-07-15,balmoral,Balmoral,0,22.0,true,SYNTHETIC_ENGINEERING_FIXTURE
2026-07-16,palm-beach,Palm Beach,2,22.0,true,SYNTHETIC_ENGINEERING_FIXTURE
2026-07-16,north-steyne,North Steyne,6,22.0,true,SYNTHETIC_ENGINEERING_FIXTURE
2026-07-16,bondi,Bondi,1,22.0,true,SYNTHETIC_ENGINEERING_FIXTURE
2026-07-16,coogee,Coogee,2,22.0,true,SYNTHETIC_ENGINEERING_FIXTURE
2026-07-16,cronulla,Cronulla,11,22.0,true,SYNTHETIC_ENGINEERING_FIXTURE
2026-07-16,balmoral,Balmoral,7,22.0,true,SYNTHETIC_ENGINEERING_FIXTURE
2026-07-17,palm-beach,Palm Beach,2,21.9,true,SYNTHETIC_ENGINEERING_FIXTURE
2026-07-17,north-steyne,North Steyne,21,21.9,true,SYNTHETIC_ENGINEERING_FIXTURE
2026-07-17,bondi,Bondi,6,21.9,true,SYNTHETIC_ENGINEERING_FIXTURE
2026-07-17,coogee,Coogee,2,21.9,true,SYNTHETIC_ENGINEERING_FIXTURE
2026-07-17,cronulla,Cronulla,12,21.9,true,SYNTHETIC_ENGINEERING_FIXTURE
2026-07-17,balmoral,Balmoral,1,21.9,true,SYNTHETIC_ENGINEERING_FIXTURE
2026-07-18,palm-beach,Palm Beach,6,21.9,true,SYNTHETIC_ENGINEERING_FIXTURE
2026-07-18,north-steyne,North Steyne,27,21.9,true,SYNTHETIC_ENGINEERING_FIXTURE
2026-07-18,bondi,Bondi,4,21.9,true,SYNTHETIC_ENGINEERING_FIXTURE
2026-07-18,coogee,Coogee,5,21.9,true,SYNTHETIC_ENGINEERING_FIXTURE
2026-07-18,cronulla,Cronulla,27,21.9,true,SYNTHETIC_ENGINEERING_FIXTURE
2026-07-18,balmoral,Balmoral,10,21.9,true,SYNTHETIC_ENGINEERING_FIXTURE
2026-07-19,palm-beach,Palm Beach,22,21.8,true,SYNTHETIC_ENGINEERING_FIXTURE
2026-07-19,north-steyne,North Steyne,3,21.8,true,SYNTHETIC_ENGINEERING_FIXTURE
2026-07-19,bondi,Bondi,3,21.8,true,SYNTHETIC_ENGINEERING_FIXTURE
2026-07-19,coogee,Coogee,10,21.8,true,SYNTHETIC_ENGINEERING_FIXTURE
2026-07-19,cronulla,Cronulla,5,21.8,true,SYNTHETIC_ENGINEERING_FIXTURE
2026-07-19,balmoral,Balmoral,12,21.8,true,SYNTHETIC_ENGINEERING_FIXTURE
2026-07-20,palm-beach,Palm Beach,4,21.8,true,SYNTHETIC_ENGINEERING_FIXTURE
2026-07-20,north-steyne,North Steyne,11,21.8,true,SYNTHETIC_ENGINEERING_FIXTURE
2026-07-20,bondi,Bondi,4,21.8,true,SYNTHETIC_ENGINEERING_FIXTURE
2026-07-20,coogee,Coogee,0,21.8,true,SYNTHETIC_ENGINEERING_FIXTURE
2026-07-20,cronulla,Cronulla,1,21.8,true,SYNTHETIC_ENGINEERING_FIXTURE
2026-07-20,balmoral,Balmoral,12,21.8,true,SYNTHETIC_ENGINEERING_FIXTURE
2026-07-21,palm-beach,Palm Beach,9,21.7,true,SYNTHETIC_ENGINEERING_FIXTURE
2026-07-21,north-steyne,North Steyne,5,21.7,true,SYNTHETIC_ENGINEERING_FIXTURE
2026-07-21,bondi,Bondi,2,21.7,true,SYNTHETIC_ENGINEERING_FIXTURE
2026-07-21,coogee,Coogee,82,21.7,true,SYNTHETIC_ENGINEERING_FIXTURE
2026-07-21,cronulla,Cronulla,4,21.7,true,SYNTHETIC_ENGINEERING_FIXTURE
2026-07-21,balmoral,Balmoral,2,21.7,true,SYNTHETIC_ENGINEERING_FIXTURE
2026-07-22,palm-beach,Palm Beach,2,21.7,true,SYNTHETIC_ENGINEERING_FIXTURE
2026-07-22,north-steyne,North Steyne,4,21.7,true,SYNTHETIC_ENGINEERING_FIXTURE
2026-07-22,bondi,Bondi,47,21.7,true,SYNTHETIC_ENGINEERING_FIXTURE
2026-07-22,coogee,Coogee,12,21.7,true,SYNTHETIC_ENGINEERING_FIXTURE
2026-07-22,cronulla,Cronulla,1,21.7,true,SYNTHETIC_ENGINEERING_FIXTURE
2026-07-22,balmoral,Balmoral,9,21.7,true,SYNTHETIC_ENGINEERING_FIXTURE
2026-07-23,palm-beach,Palm Beach,10,21.7,true,SYNTHETIC_ENGINEERING_FIXTURE
2026-07-23,north-steyne,North Steyne,10,21.7,true,SYNTHETIC_ENGINEERING_FIXTURE
2026-07-23,bondi,Bondi,0,21.7,true,SYNTHETIC_ENGINEERING_FIXTURE
2026-07-23,coogee,Coogee,6,21.7,true,SYNTHETIC_ENGINEERING_FIXTURE
2026-07-23,cronulla,Cronulla,4,21.7,true,SYNTHETIC_ENGINEERING_FIXTURE
2026-07-23,balmoral,Balmoral,4,21.7,true,SYNTHETIC_ENGINEERING_FIXTURE
2026-07-24,palm-beach,Palm Beach,10,21.6,true,SYNTHETIC_ENGINEERING_FIXTURE
2026-07-24,north-steyne,North Steyne,6,21.6,true,SYNTHETIC_ENGINEERING_FIXTURE
2026-07-24,bondi,Bondi,16,21.6,true,SYNTHETIC_ENGINEERING_FIXTURE
2026-07-24,coogee,Coogee,5,21.6,true,SYNTHETIC_ENGINEERING_FIXTURE
2026-07-24,cronulla,Cronulla,45,21.6,true,SYNTHETIC_ENGINEERING_FIXTURE
2026-07-24,balmoral,Balmoral,2,21.6,true,SYNTHETIC_ENGINEERING_FIXTURE
2026-07-25,palm-beach,Palm Beach,4,21.6,true,SYNTHETIC_ENGINEERING_FIXTURE
2026-07-25,north-steyne,North Steyne,1,21.6,true,SYNTHETIC_ENGINEERING_FIXTURE
2026-07-25,bondi,Bondi,3,21.6,true,SYNTHETIC_ENGINEERING_FIXTURE
2026-07-25,coogee,Coogee,3,21.6,true,SYNTHETIC_ENGINEERING_FIXTURE
2026-07-25,cronulla,Cronulla,2,21.6,true,SYNTHETIC_ENGINEERING_FIXTURE
2026-07-25,balmoral,Balmoral,18,21.6,true,SYNTHETIC_ENGINEERING_FIXTURE
2026-07-26,palm-beach,Palm Beach,7,21.5,true,SYNTHETIC_ENGINEERING_FIXTURE
2026-07-26,north-steyne,North Steyne,12,21.5,true,SYNTHETIC_ENGINEERING_FIXTURE
2026-07-26,bondi,Bondi,7,21.5,true,SYNTHETIC_ENGINEERING_FIXTURE
2026-07-26,coogee,Coogee,3,21.5,true,SYNTHETIC_ENGINEERING_FIXTURE
2026-07-26,cronulla,Cronulla,56,21.5,true,SYNTHETIC_ENGINEERING_FIXTURE
2026-07-26,balmoral,Balmoral,14,21.5,true,SYNTHETIC_ENGINEERING_FIXTURE
2026-07-27,palm-beach,Palm Beach,10,21.5,true,SYNTHETIC_ENGINEERING_FIXTURE
2026-07-27,north-steyne,North Steyne,1,21.5,true,SYNTHETIC_ENGINEERING_FIXTURE
2026-07-27,bondi,Bondi,3,21.5,true,SYNTHETIC_ENGINEERING_FIXTURE
2026-07-27,coogee,Coogee,3,21.5,true,SYNTHETIC_ENGINEERING_FIXTURE
2026-07-27,cronulla,Cronulla,17,21.5,true,SYNTHETIC_ENGINEERING_FIXTURE
2026-07-27,balmoral,Balmoral,23,21.5,true,SYNTHETIC_ENGINEERING_FIXTURE
2026-07-28,palm-beach,Palm Beach,3,21.4,true,SYNTHETIC_ENGINEERING_FIXTURE
2026-07-28,north-steyne,North Steyne,6,21.4,true,SYNTHETIC_ENGINEERING_FIXTURE
2026-07-28,bondi,Bondi,7,21.4,true,SYNTHETIC_ENGINEERING_FIXTURE
2026-07-28,coogee,Coogee,5,21.4,true,SYNTHETIC_ENGINEERING_FIXTURE
2026-07-28,cronulla,Cronulla,1,21.4,true,SYNTHETIC_ENGINEERING_FIXTURE
2026-07-28,balmoral,Balmoral,3,21.4,true,SYNTHETIC_ENGINEERING_FIXTURE
2026-07-29,palm-beach,Palm Beach,18,21.4,true,SYNTHETIC_ENGINEERING_FIXTURE
2026-07-29,north-steyne,North Steyne,7,21.4,true,SYNTHETIC_ENGINEERING_FIXTURE
2026-07-29,bondi,Bondi,8,21.4,true,SYNTHETIC_ENGINEERING_FIXTURE
2026-07-29,coogee,Coogee,19,21.4,true,SYNTHETIC_ENGINEERING_FIXTURE
2026-07-29,cronulla,Cronulla,7,21.4,true,SYNTHETIC_ENGINEERING_FIXTURE
2026-07-29,balmoral,Balmoral,17,21.4,true,SYNTHETIC_ENGINEERING_FIXTURE
2026-07-30,palm-beach,Palm Beach,3,21.3,true,SYNTHETIC_ENGINEERING_FIXTURE
2026-07-30,north-steyne,North Steyne,5,21.3,true,SYNTHETIC_ENGINEERING_FIXTURE
2026-07-30,bondi,Bondi,28,21.3,true,SYNTHETIC_ENGINEERING_FIXTURE
2026-07-30,coogee,Coogee,3,21.3,true,SYNTHETIC_ENGINEERING_FIXTURE
2026-07-30,cronulla,Cronulla,12,21.3,true,SYNTHETIC_ENGINEERING_FIXTURE
2026-07-30,balmoral,Balmoral,14,21.3,true,SYNTHETIC_ENGINEERING_FIXTURE
2026-07-31,palm-beach,Palm Beach,22,21.3,true,SYNTHETIC_ENGINEERING_FIXTURE
2026-07-31,north-steyne,North Steyne,5,21.3,true,SYNTHETIC_ENGINEERING_FIXTURE
2026-07-31,bondi,Bondi,1,21.3,true,SYNTHETIC_ENGINEERING_FIXTURE
2026-07-31,coogee,Coogee,7,21.3,true,SYNTHETIC_ENGINEERING_FIXTURE
2026-07-31,cronulla,Cronulla,12,21.3,true,SYNTHETIC_ENGINEERING_FIXTURE
2026-07-31,balmoral,Balmoral,21,21.3,true,SYNTHETIC_ENGINEERING_FIXTURE
2026-08-01,palm-beach,Palm Beach,0,21.2,true,SYNTHETIC_ENGINEERING_FIXTURE
2026-08-01,north-steyne,North Steyne,29,21.2,true,SYNTHETIC_ENGINEERING_FIXTURE
2026-08-01,bondi,Bondi,2,21.2,true,SYNTHETIC_ENGINEERING_FIXTURE
2026-08-01,coogee,Coogee,25,21.2,true,SYNTHETIC_ENGINEERING_FIXTURE
2026-08-01,cronulla,Cronulla,18,21.2,true,SYNTHETIC_ENGINEERING_FIXTURE
2026-08-01,balmoral,Balmoral,8,21.2,true,SYNTHETIC_ENGINEERING_FIXTURE
2026-08-02,palm-beach,Palm Beach,12,21.1,true,SYNTHETIC_ENGINEERING_FIXTURE
2026-08-02,north-steyne,North Steyne,13,21.1,true,SYNTHETIC_ENGINEERING_FIXTURE
2026-08-02,bondi,Bondi,14,21.1,true,SYNTHETIC_ENGINEERING_FIXTURE
2026-08-02,coogee,Coogee,4,21.1,true,SYNTHETIC_ENGINEERING_FIXTURE
2026-08-02,cronulla,Cronulla,4,21.1,true,SYNTHETIC_ENGINEERING_FIXTURE
2026-08-02,balmoral,Balmoral,29,21.1,true,SYNTHETIC_ENGINEERING_FIXTURE
2026-08-03,palm-beach,Palm Beach,5,21.1,true,SYNTHETIC_ENGINEERING_FIXTURE
2026-08-03,north-steyne,North Steyne,15,21.1,true,SYNTHETIC_ENGINEERING_FIXTURE
2026-08-03,bondi,Bondi,6,21.1,true,SYNTHETIC_ENGINEERING_FIXTURE
2026-08-03,coogee,Coogee,18,21.1,true,SYNTHETIC_ENGINEERING_FIXTURE
2026-08-03,cronulla,Cronulla,10,21.1,true,SYNTHETIC_ENGINEERING_FIXTURE
2026-08-03,balmoral,Balmoral,13,21.1,true,SYNTHETIC_ENGINEERING_FIXTURE
2026-08-04,palm-beach,Palm Beach,6,21.0,true,SYNTHETIC_ENGINEERING_FIXTURE
2026-08-04,north-steyne,North Steyne,9,21.0,true,SYNTHETIC_ENGINEERING_FIXTURE
2026-08-04,bondi,Bondi,1,21.0,true,SYNTHETIC_ENGINEERING_FIXTURE
2026-08-04,coogee,Coogee,62,21.0,true,SYNTHETIC_ENGINEERING_FIXTURE
2026-08-04,cronulla,Cronulla,8,21.0,true,SYNTHETIC_ENGINEERING_FIXTURE
2026-08-04,balmoral,Balmoral,3,21.0,true,SYNTHETIC_ENGINEERING_FIXTURE
2026-08-05,palm-beach,Palm Beach,2,21.0,true,SYNTHETIC_ENGINEERING_FIXTURE
2026-08-05,north-steyne,North Steyne,1,21.0,true,SYNTHETIC_ENGINEERING_FIXTURE
2026-08-05,bondi,Bondi,0,21.0,true,SYNTHETIC_ENGINEERING_FIXTURE
2026-08-05,coogee,Coogee,55,21.0,true,SYNTHETIC_ENGINEERING_FIXTURE
2026-08-05,cronulla,Cronulla,10,21.0,true,SYNTHETIC_ENGINEERING_FIXTURE
2026-08-05,balmoral,Balmoral,2,21.0,true,SYNTHETIC_ENGINEERING_FIXTURE
2026-08-06,palm-beach,Palm Beach,12,20.9,true,SYNTHETIC_ENGINEERING_FIXTURE
2026-08-06,north-steyne,North Steyne,27,20.9,true,SYNTHETIC_ENGINEERING_FIXTURE
2026-08-06,bondi,Bondi,4,20.9,true,SYNTHETIC_ENGINEERING_FIXTURE
2026-08-06,coogee,Coogee,3,20.9,true,SYNTHETIC_ENGINEERING_FIXTURE
2026-08-06,cronulla,Cronulla,4,20.9,true,SYNTHETIC_ENGINEERING_FIXTURE
2026-08-06,balmoral,Balmoral,3,20.9,true,SYNTHETIC_ENGINEERING_FIXTURE
2026-08-07,palm-beach,Palm Beach,2,20.9,true,SYNTHETIC_ENGINEERING_FIXTURE
2026-08-07,north-steyne,North Steyne,43,20.9,true,SYNTHETIC_ENGINEERING_FIXTURE
2026-08-07,bondi,Bondi,3,20.9,true,SYNTHETIC_ENGINEERING_FIXTURE
2026-08-07,coogee,Coogee,2,20.9,true,SYNTHETIC_ENGINEERING_FIXTURE
2026-08-07,cronulla,Cronulla,15,20.9,true,SYNTHETIC_ENGINEERING_FIXTURE
2026-08-07,balmoral,Balmoral,2,20.9,true,SYNTHETIC_ENGINEERING_FIXTURE
2026-08-08,palm-beach,Palm Beach,5,20.8,true,SYNTHETIC_ENGINEERING_FIXTURE
2026-08-08,north-steyne,North Steyne,12,20.8,true,SYNTHETIC_ENGINEERING_FIXTURE
2026-08-08,bondi,Bondi,5,20.8,true,SYNTHETIC_ENGINEERING_FIXTURE
2026-08-08,coogee,Coogee,17,20.8,true,SYNTHETIC_ENGINEERING_FIXTURE
2026-08-08,cronulla,Cronulla,4,20.8,true,SYNTHETIC_ENGINEERING_FIXTURE
2026-08-08,balmoral,Balmoral,1,20.8,true,SYNTHETIC_ENGINEERING_FIXTURE
2026-08-09,palm-beach,Palm Beach,2,20.8,true,SYNTHETIC_ENGINEERING_FIXTURE
2026-08-09,north-steyne,North Steyne,40,20.8,true,SYNTHETIC_ENGINEERING_FIXTURE
2026-08-09,bondi,Bondi,5,20.8,true,SYNTHETIC_ENGINEERING_FIXTURE
2026-08-09,coogee,Coogee,7,20.8,true,SYNTHETIC_ENGINEERING_FIXTURE
2026-08-09,cronulla,Cronulla,20,20.8,true,SYNTHETIC_ENGINEERING_FIXTURE
2026-08-09,balmoral,Balmoral,50,20.8,true,SYNTHETIC_ENGINEERING_FIXTURE
2026-08-10,palm-beach,Palm Beach,6,20.7,true,SYNTHETIC_ENGINEERING_FIXTURE
2026-08-10,north-steyne,North Steyne,10,20.7,true,SYNTHETIC_ENGINEERING_FIXTURE
2026-08-10,bondi,Bondi,11,20.7,true,SYNTHETIC_ENGINEERING_FIXTURE
2026-08-10,coogee,Coogee,7,20.7,true,SYNTHETIC_ENGINEERING_FIXTURE
2026-08-10,cronulla,Cronulla,7,20.7,true,SYNTHETIC_ENGINEERING_FIXTURE
2026-08-10,balmoral,Balmoral,3,20.7,true,SYNTHETIC_ENGINEERING_FIXTURE
2026-08-11,palm-beach,Palm Beach,7,20.7,true,SYNTHETIC_ENGINEERING_FIXTURE
2026-08-11,north-steyne,North Steyne,3,20.7,true,SYNTHETIC_ENGINEERING_FIXTURE
2026-08-11,bondi,Bondi,25,20.7,true,SYNTHETIC_ENGINEERING_FIXTURE
2026-08-11,coogee,Coogee,7,20.7,true,SYNTHETIC_ENGINEERING_FIXTURE
2026-08-11,cronulla,Cronulla,15,20.7,true,SYNTHETIC_ENGINEERING_FIXTURE
2026-08-11,balmoral,Balmoral,7,20.7,true,SYNTHETIC_ENGINEERING_FIXTURE
2026-08-12,palm-beach,Palm Beach,0,20.6,true,SYNTHETIC_ENGINEERING_FIXTURE
2026-08-12,north-steyne,North Steyne,10,20.6,true,SYNTHETIC_ENGINEERING_FIXTURE
2026-08-12,bondi,Bondi,30,20.6,true,SYNTHETIC_ENGINEERING_FIXTURE
2026-08-12,coogee,Coogee,22,20.6,true,SYNTHETIC_ENGINEERING_FIXTURE
2026-08-12,cronulla,Cronulla,2,20.6,true,SYNTHETIC_ENGINEERING_FIXTURE
2026-08-12,balmoral,Balmoral,6,20.6,true,SYNTHETIC_ENGINEERING_FIXTURE
2026-08-13,palm-beach,Palm Beach,6,20.5,true,SYNTHETIC_ENGINEERING_FIXTURE
2026-08-13,north-steyne,North Steyne,10,20.5,true,SYNTHETIC_ENGINEERING_FIXTURE
2026-08-13,bondi,Bondi,2,20.5,true,SYNTHETIC_ENGINEERING_FIXTURE
2026-08-13,coogee,Coogee,26,20.5,true,SYNTHETIC_ENGINEERING_FIXTURE
2026-08-13,cronulla,Cronulla,3,20.5,true,SYNTHETIC_ENGINEERING_FIXTURE
2026-08-13,balmoral,Balmoral,19,20.5,true,SYNTHETIC_ENGINEERING_FIXTURE
2026-08-14,palm-beach,Palm Beach,7,20.5,true,SYNTHETIC_ENGINEERING_FIXTURE
2026-08-14,north-steyne,North Steyne,2,20.5,true,SYNTHETIC_ENGINEERING_FIXTURE
2026-08-14,bondi,Bondi,59,20.5,true,SYNTHETIC_ENGINEERING_FIXTURE
2026-08-14,coogee,Coogee,2,20.5,true,SYNTHETIC_ENGINEERING_FIXTURE
2026-08-14,cronulla,Cronulla,132,20.5,true,SYNTHETIC_ENGINEERING_FIXTURE
2026-08-14,balmoral,Balmoral,2,20.5,true,SYNTHETIC_ENGINEERING_FIXTURE
2026-08-15,palm-beach,Palm Beach,2,20.4,true,SYNTHETIC_ENGINEERING_FIXTURE
2026-08-15,north-steyne,North Steyne,8,20.4,true,SYNTHETIC_ENGINEERING_FIXTURE
2026-08-15,bondi,Bondi,11,20.4,true,SYNTHETIC_ENGINEERING_FIXTURE
2026-08-15,coogee,Coogee,2,20.4,true,SYNTHETIC_ENGINEERING_FIXTURE
2026-08-15,cronulla,Cronulla,2,20.4,true,SYNTHETIC_ENGINEERING_FIXTURE
2026-08-15,balmoral,Balmoral,24,20.4,true,SYNTHETIC_ENGINEERING_FIXTURE
2026-08-16,palm-beach,Palm Beach,5,20.4,true,SYNTHETIC_ENGINEERING_FIXTURE
2026-08-16,north-steyne,North Steyne,11,20.4,true,SYNTHETIC_ENGINEERING_FIXTURE
2026-08-16,bondi,Bondi,5,20.4,true,SYNTHETIC_ENGINEERING_FIXTURE
2026-08-16,coogee,Coogee,3,20.4,true,SYNTHETIC_ENGINEERING_FIXTURE
2026-08-16,cronulla,Cronulla,3,20.4,true,SYNTHETIC_ENGINEERING_FIXTURE
2026-08-16,balmoral,Balmoral,5,20.4,true,SYNTHETIC_ENGINEERING_FIXTURE
2026-08-17,palm-beach,Palm Beach,7,20.3,true,SYNTHETIC_ENGINEERING_FIXTURE
2026-08-17,north-steyne,North Steyne,0,20.3,true,SYNTHETIC_ENGINEERING_FIXTURE
2026-08-17,bondi,Bondi,2,20.3,true,SYNTHETIC_ENGINEERING_FIXTURE
2026-08-17,coogee,Coogee,2,20.3,true,SYNTHETIC_ENGINEERING_FIXTURE
2026-08-17,cronulla,Cronulla,6,20.3,true,SYNTHETIC_ENGINEERING_FIXTURE
2026-08-17,balmoral,Balmoral,4,20.3,true,SYNTHETIC_ENGINEERING_FIXTURE
2026-08-18,palm-beach,Palm Beach,21,20.2,true,SYNTHETIC_ENGINEERING_FIXTURE
2026-08-18,north-steyne,North Steyne,37,20.2,true,SYNTHETIC_ENGINEERING_FIXTURE
2026-08-18,bondi,Bondi,3,20.2,true,SYNTHETIC_ENGINEERING_FIXTURE
2026-08-18,coogee,Coogee,1,20.2,true,SYNTHETIC_ENGINEERING_FIXTURE
2026-08-18,cronulla,Cronulla,2,20.2,true,SYNTHETIC_ENGINEERING_FIXTURE
2026-08-18,balmoral,Balmoral,18,20.2,true,SYNTHETIC_ENGINEERING_FIXTURE
2026-08-19,palm-beach,Palm Beach,3,20.2,true,SYNTHETIC_ENGINEERING_FIXTURE
2026-08-19,north-steyne,North Steyne,4,20.2,true,SYNTHETIC_ENGINEERING_FIXTURE
2026-08-19,bondi,Bondi,4,20.2,true,SYNTHETIC_ENGINEERING_FIXTURE
2026-08-19,coogee,Coogee,16,20.2,true,SYNTHETIC_ENGINEERING_FIXTURE
2026-08-19,cronulla,Cronulla,9,20.2,true,SYNTHETIC_ENGINEERING_FIXTURE
2026-08-19,balmoral,Balmoral,0,20.2,true,SYNTHETIC_ENGINEERING_FIXTURE
2026-08-20,palm-beach,Palm Beach,4,20.1,true,SYNTHETIC_ENGINEERING_FIXTURE
2026-08-20,north-steyne,North Steyne,58,20.1,true,SYNTHETIC_ENGINEERING_FIXTURE
2026-08-20,bondi,Bondi,11,20.1,true,SYNTHETIC_ENGINEERING_FIXTURE
2026-08-20,coogee,Coogee,9,20.1,true,SYNTHETIC_ENGINEERING_FIXTURE
2026-08-20,cronulla,Cronulla,55,20.1,true,SYNTHETIC_ENGINEERING_FIXTURE
2026-08-20,balmoral,Balmoral,1,20.1,true,SYNTHETIC_ENGINEERING_FIXTURE
2026-08-21,palm-beach,Palm Beach,7,20.1,true,SYNTHETIC_ENGINEERING_FIXTURE
2026-08-21,north-steyne,North Steyne,17,20.1,true,SYNTHETIC_ENGINEERING_FIXTURE
2026-08-21,bondi,Bondi,11,20.1,true,SYNTHETIC_ENGINEERING_FIXTURE
2026-08-21,coogee,Coogee,6,20.1,true,SYNTHETIC_ENGINEERING_FIXTURE
2026-08-21,cronulla,Cronulla,2,20.1,true,SYNTHETIC_ENGINEERING_FIXTURE
2026-08-21,balmoral,Balmoral,8,20.1,true,SYNTHETIC_ENGINEERING_FIXTURE
2026-08-22,palm-beach,Palm Beach,35,20.0,true,SYNTHETIC_ENGINEERING_FIXTURE
2026-08-22,north-steyne,North Steyne,2,20.0,true,SYNTHETIC_ENGINEERING_FIXTURE
2026-08-22,bondi,Bondi,0,20.0,true,SYNTHETIC_ENGINEERING_FIXTURE
2026-08-22,coogee,Coogee,7,20.0,true,SYNTHETIC_ENGINEERING_FIXTURE
2026-08-22,cronulla,Cronulla,13,20.0,true,SYNTHETIC_ENGINEERING_FIXTURE
2026-08-22,balmoral,Balmoral,26,20.0,true,SYNTHETIC_ENGINEERING_FIXTURE
2026-08-23,palm-beach,Palm Beach,9,20.0,true,SYNTHETIC_ENGINEERING_FIXTURE
2026-08-23,north-steyne,North Steyne,12,20.0,true,SYNTHETIC_ENGINEERING_FIXTURE
2026-08-23,bondi,Bondi,3,20.0,true,SYNTHETIC_ENGINEERING_FIXTURE
2026-08-23,coogee,Coogee,33,20.0,true,SYNTHETIC_ENGINEERING_FIXTURE
2026-08-23,cronulla,Cronulla,5,20.0,true,SYNTHETIC_ENGINEERING_FIXTURE
2026-08-23,balmoral,Balmoral,14,20.0,true,SYNTHETIC_ENGINEERING_FIXTURE
